wavelength,run_11,run_12,run_13,Baseline 100%T,run_14,run_15,run_16,run_17,Baseline 100%T.1,run_18,run_19,run_20,run_21,Baseline 100%T.2,Baseline 100%T.3,run_22,run_23,run_25,run_26,run_27,run_28,run_29,run_30,run_31,run_32,run_33
2500,52.05990219,99.51742554,99.99201965,97.68600464,52.43743515,52.51924515,52.10348892,53.13100815,97.59835815,52.40213776,52.29990005,52.87841034,52.40747833,97.57176971,98.18070984,99.77351379,51.9000473,51.24887848,52.06454468,99.73756409,99.98696136,50.14154816,50.02607727,51.32269287,50.96847916,100.0030289
2495,52.14027023,99.52274323,100.0008545,97.715065,52.39673233,52.49946213,52.22436142,53.13269424,97.62480164,52.41290283,52.31311417,52.8758812,52.41254425,97.61164093,98.22096252,99.76837158,51.91539001,51.18907547,52.07341385,99.73181152,99.99257659999999,50.12675476,50.00854874,51.30919647,50.953411100000004,99.99886322
2490,52.15805054,99.51213837,99.99073029,97.75022888,52.36283493,52.47464752,52.24919891,53.12970734,97.66169739,52.41080475,52.30922699,52.85571671,52.39672089,97.63847351,98.24549866,99.77574921,51.91727448,51.18491745,52.07788849,99.7321167,100.0007858,50.12393188,50.00880814,51.32228851,50.95746613,100.0009918
2485,52.07544708,99.52539063,99.9944458,97.77018738,52.42521286,52.51422119,52.1858139,53.12893295,97.68925476,52.39455795,52.29145813,52.87134171,52.38311768,97.66455841,98.27725983,99.7753067,51.88012695,51.21191025,52.07172012,99.73602295,99.9903183,50.10647202,49.98872757,51.30733871,50.94348145,99.99243927
2480,52.08578873,99.50880432,99.99085999,97.79351807,52.51496506,52.59857941,52.16184235,53.13109207,97.70335388,52.38471603,52.29602432,52.92634201,52.39439011,97.67839813,98.29164886,99.77563477,51.89322662,51.225471500000005,52.07910538,99.73441315,99.9941864,50.10603714,49.98875427,51.31200027,50.94727707,99.99791718
2475,52.16130066,99.51779938,99.99750519,97.83230591,52.57671356,52.65778351,52.10227203,53.14125443,97.7461853,52.36363983,52.29808044,52.97291183,52.40823746,97.71775818,98.33351898,99.77489471,51.89521408,51.21141052,52.063720700000005,99.73924255,99.98854065,50.08631516,49.96582031,51.29820633,50.93167496,99.99606323
2470,52.15250397,99.51391602,99.99415588,97.8613739,52.59665298,52.68273926,52.04748535,53.13820267,97.76887512,52.36688232,52.30780411,52.99259567,52.42540359,97.74726868,98.35993958,99.77701569,51.89700699,51.22970963,52.06757736,99.73630524,99.9920578,50.08546829,49.96689987,51.30012512,50.93262863,100.0007172
2465,52.14868927,99.51560211,100.00046540000001,97.89282990000001,52.55826569,52.67856216,52.09812546,53.1452179,97.80405426,52.38033676,52.312213899999996,53.00914764,52.42688751,97.78153229,98.39078522,99.77914429,51.90342712,51.15459061,52.06868744,99.74170685,99.99101257,50.07740784,49.95156479,51.29137039,50.92635727,100.00395970000001
2460,52.16588974,99.52194977,99.99394989,97.92047882,52.52224350000001,52.655731200000005,52.12747574,53.14522934,97.82977295,52.38221741,52.31105804,52.99804688,52.41983414,97.80619049,98.41876984,99.77786255,51.90237808,51.12965012,52.07325745,99.73876953,99.99411774,50.07082367,49.94908142,51.28670883,50.92778778,100.0010605
2455,52.14030075,99.51045227,100.00015259999999,97.97250366,52.53460312,52.65039825,52.119213099999996,53.15042114,97.88616943,52.36270523,52.29793167,52.98989868,52.41267776,97.86212158,98.47474670000001,99.77238464,51.89078522,51.16404343,52.06644058,99.73647308,99.99246216,50.05140305,49.93278122,51.27448273,50.91065216,99.99645233
2450,52.11573792,99.50524139,99.99050903,98.01075745,52.55712128,52.66891861,52.09315491,53.15077972,97.92341614,52.36575699,52.29841614,53.00506973,52.40787888,97.90252686,98.50894928,99.78129578,51.88677216,51.179142,52.070079799999995,99.74505615,99.99698639,50.0520401,49.93540573,51.282340999999995,50.91667938,100.0001907
2445,52.11495209,99.50795746,99.99534607,98.04717255,52.52637863,52.67300415,52.10204315,53.15205383,97.96549988,52.37275314,52.30129242,53.01455307,52.40799332,97.94980621,98.55541992,99.77576447,51.88292694,51.10500336,52.07141495,99.74241638,99.9910965,50.03977585,49.92282867,51.27268982,50.908767700000006,100.0034943
2440,52.14313126,99.51018524,99.99438477,98.09432220000001,52.4932785,52.64995193,52.13908005,53.15097046,98.00574493,52.36166763,52.30436325,53.00311279,52.41106033,97.98810577,98.59886169,99.77436829,51.89177322,51.08342743,52.07523727,99.73667145,99.99246979,50.02887726,49.913829799999995,51.27103806,50.90382004,99.9937439
2435,52.19277191,99.50463104,99.99254608,98.15242767,52.48746872,52.650409700000004,52.1811142,53.15245819,98.06810759999999,52.34755325,52.30736542,53.02077103,52.41764832,98.04464722,98.65869141,99.7743988,51.897735600000004,51.05089569,52.07503891,99.73555756,99.98910522,50.01715851,49.89775467,51.26181793,50.89237595,99.99939728
2430,52.17525864,99.49710083,99.99396515,98.18294525,52.49508667,52.64344025,52.16334534,53.15522385,98.08794403,52.34902954,52.31632614,53.01262665,52.41686249,98.07420349,98.68941498,99.78194427,51.89522552,51.09344864,52.07530212,99.73524475,99.99504852,50.01810074,49.89786911,51.26965714,50.90187836,99.99715424
2425,52.13832092,99.50271606,99.99280548,98.22768402,52.502517700000006,52.62811279,52.13866425,53.16047668,98.138237,52.34097672,52.30395889,52.9955368,52.41434479,98.12104034,98.74912262,99.77225494,51.88428116,51.11839294,52.070079799999995,99.73747253,99.97889709,50.00342178,49.88107681,51.25782013,50.88339615,99.99258423
2420,52.14634705,99.48886108,99.9919281,98.28451538,52.516143799999995,52.64528275,52.14556503,53.15660858,98.18507385,52.33499908,52.31519318,53.01203156,52.42576599,98.17745972,98.80092621,99.77132416,51.890106200000005,51.11658478,52.07781982,99.72896576,99.99103546,50.00095367,49.87661743,51.26330185,50.8852005,99.9985199
2415,52.16751099,99.49854279,99.99943542,98.31909943,52.53090668,52.65631866,52.16115189,53.16457748,98.23605347,52.32423019,52.31332779,53.01725769,52.42359161,98.21321869,98.84664154,99.76721191,51.89059829999999,51.10388565,52.07393265,99.73041534,99.98400879,49.98842621,49.86311722,51.25793839,50.88378143,99.99501801
2410,52.15630341,99.48708344,99.99515533,98.36287689,52.51028061,52.63372803,52.15104675,53.16302109,98.27662659,52.32530212,52.31769179999999,53.00043106,52.42355347,98.25899506,98.88861847,99.77921295,51.89025497,51.1233139,52.08081436,99.73921204,99.99111938,49.98352051,49.86433029,51.25941467,50.88225174,100.00246429999999
2405,52.15336227,99.48595428,100.0024109,98.40927124,52.51460648,52.62803268,52.14817047,53.16169739,98.32160187,52.32212067,52.31865692,52.99060822,52.42574692,98.30330658,98.93869781,99.77529907,51.88648224,51.15752411,52.07633209,99.73549652,99.99209595,49.97455978,49.85475922,51.25482178,50.87918472,99.99917603
2400,52.14730072,99.4830246,100.00064090000001,98.46271515,52.52389145,52.64055252,52.14759064,53.16681671,98.368927,52.33216095,52.32192993,53.00989151,52.42822647,98.35254669,98.99269867,99.78367615,51.88854218,51.130008700000005,52.07970047,99.73628998,99.99397278,49.96619034,49.84317398,51.25062561,50.87546539,100.0015259
2395,52.13520432,99.47489166,99.99176025,98.50503540000001,52.52075958,52.64241028,52.1483078,53.16903687,98.41733551,52.33325195,52.32278824,53.01473236,52.43028259,98.4018631,99.04181671,99.78181458,51.88973618,51.11801147,52.08589554,99.74069977,99.99268341,49.9671402,49.84690094,51.257061,50.88199234,100.0024338
2390,52.1282196,99.46681976,99.98442841,98.56037140000001,52.52913666,52.65519714,52.15981674,53.1709137,98.47566223,52.33137131,52.32035446,53.02371216,52.425949100000004,98.45704651,99.10375977,99.77581787,51.881904600000006,51.11260986,52.08576965,99.72715759,99.98737335,49.95988464,49.83718491,51.25288391,50.87398911,99.99795532
2385,52.13407135,99.47166443,99.99330902,98.61148834,52.52724457,52.64849091,52.16864777,53.17533112,98.52565002,52.33892059,52.33066559,53.02047729,52.43559647,98.50850677,99.15885162,99.77999878,51.88895416,51.12055588,52.08917999,99.73017883,99.99064636,49.95889664,49.83484268,51.25601959,50.87633133,100.0079193
2380,52.14567947,99.46865845,99.99272919,98.67034149,52.52597809,52.64378738,52.17118835,53.16910553,98.58374023,52.33479691,52.32961273,53.00925827,52.43037415,98.56603241,99.21251678,99.784729,51.89494324,51.12979507,52.09168243,99.73368835,99.99372864,49.95332718,49.82735062,51.25920105,50.87447739,100.0033722
2375,52.15044785,99.47454071,100.00669859999999,98.7220459,52.5470314,52.6631012,52.17020035,53.17233276,98.63922882,52.33287048,52.33492279,53.02273178,52.43834686,98.61999512,99.27525329999999,99.78263092,51.89279938,51.129489899999996,52.09210968,99.73764038,99.98562622,49.94402695,49.82010651,51.25618744,50.86963272,99.99521637
2370,52.14180374,99.46699524,99.9958725,98.78591156,52.52872086,52.64464569,52.15852737,53.17179489,98.69719696,52.34476852,52.33371353,53.01654816,52.44229507,98.67861938,99.32846069,99.78385925,51.89609528,51.11860657,52.09912109,99.73838043,99.99086761,49.94178009,49.82269669,51.26472092,50.87970352,100.0014343
2365,52.14118958,99.46275329999999,99.99325562,98.83688354,52.54932022,52.66332626,52.16579437,53.17515182,98.74838257,52.34095383,52.34053802,53.02876663,52.44920731,98.73741913,99.38078308,99.79145813,51.90120316,51.13585663,52.1037941,99.74460602,99.99378204,49.93453598,49.81640244,51.26659393,50.8765564,100.0005493
2360,52.15653229,99.46453857,99.99433899,98.89452362,52.53431702,52.65814209,52.16704178,53.17284393,98.80152893,52.35840607,52.3467598,53.02610397,52.45193863,98.79106903,99.44206238,99.79118347,51.90684891,51.12440491,52.1076088,99.74143982,99.98935699,49.93447876,49.80838394,51.26798248,50.87720108,100.0045929
2355,52.15695572,99.46873474,100.00038149999999,98.95114136,52.54473114,52.658897399999994,52.16976929,53.17162323,98.87320709,52.34671783,52.34627533,53.01969528,52.44804001,98.84944916,99.49920654,99.79184723,51.90497208,51.13159561,52.11390686,99.74582672,99.99240112,49.93402481,49.80942535,51.26911545,50.87766647,100.00314329999999
2350,52.16491699,99.47241211,99.99635315,99.01508331,52.54837799,52.66244507,52.16992569,53.17210007,98.93190002,52.35516357,52.34891891,53.02642441,52.45491791,98.91292572,99.55751801,99.79320526,51.91301727,51.13430023,52.12075043,99.74850464,99.99417114,49.93207169,49.80447769,51.27030182,50.87727356,100.00341800000001
2345,52.16240311,99.4790802,100.0083237,99.07273102,52.54845047,52.65692902,52.17282867,53.17335129,98.99151611,52.34789276,52.34482193,53.01934052,52.448452,98.96537781,99.60966492,99.79595947,51.91239548,51.13396454,52.1206131,99.75119019,99.98753357,49.92625046,49.79508591,51.27545166,50.88191223,99.99975586
2340,52.16623688,99.47924042,99.99656677,99.12744141,52.55263519,52.66825104,52.18324661,53.16611099,99.04676056,52.35643387,52.35072327,53.02639008,52.45187378,99.02677917,99.66655731,99.79530334,51.91841888,51.13809204,52.12252045,99.74732971,99.99274445,49.91916656,49.79951859,51.27692795,50.88723373,100.00511170000001
2335,52.16448975,99.47197723,99.99794006,99.1754837,52.55679321,52.66739273,52.17554474,53.17196274,99.09955597,52.35591125,52.35286331,53.023696900000004,52.4561882,99.07304382,99.72113037,99.79296875,51.92116547,51.13368225,52.12311172,99.74675751,99.98291016,49.91092682,49.78910828,51.27573013,50.88204575,99.99846649
2330,52.16218185,99.47534943,99.99420929,99.23041534,52.54510498,52.6602211,52.17699432,53.16225815,99.14343262,52.35460281,52.34994125,53.01837921,52.45302963,99.12710571,99.76156616,99.79180908,51.91850662,51.13986206,52.12821198,99.75110626,99.98925781,49.90384293,49.78224564,51.27645874,50.87996674,100.0009537
2325,52.1641655,99.47257996,100.0013123,99.25389099,52.54722214,52.66081619,52.17523575,53.16660309,99.1681366,52.35660172,52.34816742,53.0235939,52.45688629,99.14629364,99.79178619,99.79418182,51.91934586,51.13165283,52.12604523,99.74455261,99.98824309999999,49.8897934,49.77526855,51.26647949,50.87422562,99.99843597
2320,52.15945435,99.47854614,99.99368286,99.30487823,52.53950882,52.65541077,52.16638565,53.15887833,99.21660614,52.3483696,52.34162903,53.01492691,52.44728851,99.19110107,99.83538055,99.79173279,51.9149971,51.13379288,52.11783218,99.75482178,99.98995209,49.88441467,49.77495193,51.26989365,50.86885834,100.00688170000001
2315,52.14775848,99.46704865,99.99536896,99.3567276,52.54113007,52.65850449,52.17173004,53.16621017,99.27445221,52.34574509,52.33522034,53.01883698,52.43874359,99.25502014,99.89729309,99.7925415,51.90893936,51.12465668,52.11284637,99.74807739,99.99351501,49.86754227,49.76388931,51.25278091,50.86031723,100.0021973
2310,52.14658356,99.47541046,99.98548889,99.38955688,52.53390503,52.64628601,52.16764832,53.15690613,99.30522156,52.33990479,52.33172607,53.00710678,52.4315834,99.28510284,99.93399811,99.78552246,51.90341949,51.1254921,52.10377121,99.73770142,99.98703766,49.84819412,49.74254227,51.24428177,50.8459549,99.9930954
2305,52.13455963,99.46260834,99.98768616,99.41806793,52.53046799,52.64313126,52.15762711,53.16242981,99.33777618,52.32672119,52.32388306,53.00220871,52.42375565,99.31468964,99.95622253,99.78336334,51.89708328,51.11971664,52.10144043,99.74530792,99.98840332,49.83644867,49.73651886,51.23276138,50.8414917,100.01205440000001
2300,52.12408447,99.46720886,99.98822021,99.44396973,52.51647949,52.62684631,52.14353943,53.15076828,99.35034943,52.32633972,52.31521225,52.99286652,52.41830444,99.32969666,99.9806366,99.78601074,51.88668442,51.12671661,52.09210587,99.73957825,99.9956131,49.81153488,49.72377014,51.21976852,50.83216476,99.99589539
2295,52.11580276,99.46838379,99.99207306,99.43958282,52.51244736,52.62215042,52.14141464,53.15169144,99.35798645,52.31447983,52.30535889,52.98364639,52.40440369,99.34354401,99.98712158,99.78319549999999,51.87640762,51.11030197,52.07979202,99.74604797,99.98900604,49.79299164,49.70330429,51.20766068,50.81784821,100.00481409999999
2290,52.11193085,99.48036194,99.98728943,99.44490051,52.49633789,52.61775970000001,52.12075806,53.14048004,99.34595490000001,52.31261826,52.29602051,52.9845047,52.39974213,99.33255005,99.98874664,99.7748642,51.86452103,51.11071014,52.069221500000005,99.74048615,99.98288727,49.77488708,49.69569397,51.19246674,50.81141663,100.00181579999999
2285,52.10161209,99.4692688,100.0042343,99.41517639,52.49123001,52.60427475,52.12451935,53.13713455,99.32445526,52.30172348,52.28578568,52.96544266,52.38431168,99.30480957,99.96173096,99.77579498,51.86365891,51.09280396,52.0625,99.72615051,99.99047089,49.75786972,49.68923187,51.18907547,50.80345154,99.99365234
2280,52.10131454,99.48658752,99.99342346,99.38059235,52.48302078,52.59853745,52.10994339,53.12257385,99.28684235,52.29762268,52.27474976,52.95039368,52.37251663,99.27170563,99.91362762,99.7660675,51.8544693,51.09762573,52.05200958,99.74325562,99.99369049,49.75237274,49.681633000000005,51.1840477,50.79839325,100.00797270000001
2275,52.09274292,99.48194122,99.99730682,99.32196045,52.47801971,52.59329605,52.10510635,53.11390686,99.22003937,52.29878998,52.2650528,52.95009613,52.37085342,99.20619965,99.86734009,99.77562714,51.84578705,51.09050751,52.03977203,99.72369385,99.98949432,49.73151779,49.67371368,51.17793655,50.78767395,99.99736786
2270,52.08319473,99.4931488,99.99211884,99.26863861,52.46508789,52.58530807,52.09429169,53.09327316,99.16831207,52.28870392,52.25547409,52.92778015,52.35784531,99.15104675,99.79759979,99.76635742,51.84577179,51.09255219,52.03965378,99.73686218,99.99269104,49.72156906,49.66266632,51.17564774,50.78463745,100.0015259
2265,52.08449554,99.49467468,99.99082947,99.22625732,52.47005081,52.58255768,52.09239578,53.09054184,99.12368011,52.29343796,52.25593948,52.92623520000001,52.35506821,99.11563873,99.75673676,99.76951599,51.83867264,51.08581924,52.03553009,99.73882294,99.99673462,49.70356369,49.64917755,51.16805267,50.78562546,100.0055161
2260,52.07601929,99.50337982,99.99034119,99.25039673,52.4617691,52.57691193,52.08562088,53.078384400000004,99.14765167,52.28326416,52.2466011,52.91442108,52.34486008,99.13188171,99.78035736,99.76567841,51.83011246,51.07975769,52.02724838,99.72562408,99.98783875,49.68476486,49.63262177,51.16666412,50.77391434,99.99552155
2255,52.08123779,99.50684357,99.99843597,99.32653046,52.46052170000001,52.57551575,52.08640289,53.076309200000004,99.22528076,52.28278732,52.2405014,52.91783905,52.34621048,99.20876312,99.84895325,99.76611328,51.8325386,51.07575226,52.02669525,99.72637177,99.9896698,49.67503357,49.61538315,51.1576767,50.77053833,100.00728609999999
2250,52.07546997,99.49993134,99.99797058,99.41243744,52.45748138,52.57087326,52.07715607,53.08303833,99.31780243,52.27236938,52.23526764,52.91650772,52.33917236,99.29084015,99.93990326,99.76919556,51.82217407,51.06822968,52.02225876,99.72583008,99.99171448,49.65990067,49.59477615,51.14357376,50.75819016,100.0035629
2245,52.07201767,99.49819183,100.00189209999999,99.4803772,52.45877457,52.5750885,52.07686996,53.09023285,99.38148499,52.27307129,52.23602676,52.92362595,52.33626938,99.36715698,100.01262659999999,99.75717163,51.81661224,51.06204224,52.02053833,99.72407532,99.98491669,49.65019226,49.58203888,51.13526154,50.75160217,99.99949646
2240,52.06806564,99.49169922,99.99248505,99.53211975,52.45633698,52.57608795,52.07126236,53.09067535,99.43544006,52.27047348,52.23431396,52.92302322,52.33958817,99.41532898,100.0651398,99.7623291,51.81580353,51.05899048,52.02410126,99.72993469,99.99276733,49.64136124,49.57566452,51.1348114,50.74588013,100.0028839
2235,52.06523132,99.49161529999999,99.99532318,99.58091736,52.4523735,52.56774521,52.07268524,53.09417725,99.48512268,52.26856995,52.23401642,52.9217186,52.337883000000005,99.46422577,100.1175079,99.76570892,51.81258392,51.06297302,52.01932907,99.72569275,99.98696136,49.63131714,49.56027222,51.12836456,50.73733521,99.99478149
2230,52.064888,99.48851776,99.99530792,99.6301651,52.4492569,52.57105255,52.07028198,53.09666824,99.53179169,52.26494598,52.23258209,52.92552567,52.337234499999994,99.51145172,100.1581879,99.77249146,51.81314468,51.06113052,52.02365494,99.73649597,99.99443817,49.61385345,49.55437088,51.12877655,50.73714828,99.99824524
2225,52.06354904,99.49235535,99.98979187,99.67695618,52.45277405,52.56917953,52.0701828,53.09399796,99.57933044,52.26420212,52.23129272,52.92414474,52.33718109,99.56162262,100.2088699,99.76930237,51.8067894,51.0519104,52.01832199,99.72916412,99.98823547,49.60040283,49.54044342,51.12421417,50.72906494,99.99682617
2220,52.06516266,99.49299622,99.9997406,99.71466827,52.44284821,52.56522369,52.06879807,53.09333801,99.61587524,52.26076889,52.23200989,52.92044449,52.33325958,99.59752655,100.2435455,99.77088928,51.81165314,51.05754852,52.01829529,99.72867584,99.99047852,49.60168076,49.53732681,51.12506104,50.73191071,100.0004272
2215,52.05765915,99.48010254,99.98579407,99.75058746,52.44944763,52.56738663,52.07067871,53.10062027,99.65028381,52.26367569,52.23072052,52.92570114,52.33734131,99.63494109999999,100.27754209999999,99.77102661,51.80862427,51.05541992,52.02367401,99.73255920000001,99.99550629,49.59289551,49.5291748,51.12099457,50.72911453,100.0038376
2210,52.06043243,99.48266602,99.99360657,99.77921295,52.45599747,52.57205963,52.07651138,53.09676361,99.6870575,52.2634697,52.23509216,52.92214203,52.33992767,99.66704559,100.31431579999999,99.77123259999999,51.81281662,51.05756378,52.0216713,99.73065948,99.99209595,49.58716202,49.52450562,51.12062073,50.72894669,99.99868011
2205,52.06159973,99.48342133,100.00025179999999,99.81188202,52.45306015,52.57197189,52.07373428,53.09937668,99.70666504,52.26951218,52.23911285,52.93209457,52.34021378,99.70088959,100.3487091,99.77301025,51.80398178,51.05351639,52.02095413,99.73342133,99.98319244,49.57558441,49.51509857,51.11651993,50.72226715,100.00127409999999
2200,52.06518936,99.477211,99.99774933,99.83381653,52.46094894,52.57551575,52.07434464,53.09756851,99.74196625,52.2645874,52.23607254,52.92621994,52.33933258,99.73033905,100.37814329999999,99.77315521,51.80674744,51.04975891,52.02170181,99.73832703,99.9895401,49.56481552,49.50661469,51.11228943,50.71886063,100.0023117
2195,52.05447006,99.47164917,99.99301147,99.81239319,52.45639038,52.57554626,52.07640457,53.10210037,99.72232819,52.26295089999999,52.23451233,52.92697144,52.33709335,99.70451355,100.35749820000001,99.77555847,51.80789185,51.05283356,52.01670456,99.73077393,99.99216461,49.55669022,49.50692749,51.1135025,50.72058487,100.0081177
2190,52.04867172,99.46633911,99.99484253,99.73864746,52.44717407,52.56494904,52.05858994,53.09871292,99.64353179999999,52.25001526,52.2250824,52.9197998,52.32571793,99.62121582,100.2821426,99.77281189,51.79547119,51.05317307,52.01222229,99.7485733,99.98902893,49.54349136,49.49828339,51.10342407,50.70611954,99.9997406
2185,52.03755951,99.45987701,99.98729706,99.6441803,52.43698883,52.55495453,52.052741999999995,53.0938797,99.54489136,52.25035477,52.21983337,52.91083527,52.32310486,99.53146362,100.19503780000001,99.78330231,51.78907013,51.03822327,52.00372314,99.73584747,99.99284363,49.52629471,49.49634933,51.09114075,50.70072556,100.007225
2180,52.0320015,99.47503662,99.98738098,99.56513977,52.43718719,52.55789948,52.04463196,53.08580399,99.46218109,52.25191879,52.21403122,52.90666199,52.3151474,99.45320129,100.1159897,99.77379608,51.78478241,51.03580475,51.99655914,99.73880768,99.98910522,49.51485443,49.48458862,51.08599091,50.68971634,99.9991684
2175,52.04244995,99.4770813,99.99649048,99.54219818,52.44028473,52.56677246,52.06004333,53.08765793,99.44494629,52.25775909,52.22166824,52.90170288,52.32433701,99.42047882,100.0939941,99.76049042,51.79275131,51.04177475,52.00788879,99.71874237,99.98388672,49.51211548,49.46440887,51.09255219,50.70251846,99.99130249
2170,52.03851318,99.47150421,99.99254608,99.5371933,52.44266891,52.56253433,52.0551033,53.080642700000006,99.43647003,52.25745392,52.21922302,52.90586853,52.319610600000004,99.41764832,100.08500670000001,99.76522064,51.78892517,51.0318985,52.002517700000006,99.72747803,99.98889923,49.49983215,49.45546722,51.09600449,50.69557571,99.99840546
2165,52.0500412,99.48355865,100.00370790000001,99.53807831,52.44278336,52.56329727,52.05588531,53.08002853,99.43849182,52.25650787,52.21643448,52.90819931,52.32106018,99.42862701,100.07724759999999,99.78339386,51.79367065,51.03721619,52.01153564,99.74571991,100.0014877,49.49022293,49.44716263,51.09325027,50.6946373,100.0131378
2160,52.04047012,99.48674774,99.99773407,99.50408173,52.44365311,52.56302261,52.05503845,53.07878113,99.40551758,52.25246048,52.22063065,52.90244293,52.32552338,99.39525604,100.06211090000001,99.76026154,51.78826904,51.02702332,52.00024414,99.71829224,99.98111725,49.48012161,49.44097137,51.09063339,50.68797302,99.98966217
2155,52.04519653,99.47675323,100.0027618,99.48312378,52.441989899999996,52.56168365,52.05653381,53.07990265,99.38027191,52.25735474,52.21875763,52.90408325,52.32254791,99.36489868,100.02919770000001,99.76888275,51.79454803,51.02861404,52.00556946,99.72691345,99.98995972,49.47122574,49.437732700000005,51.09399033,50.69122314,100.00232700000001
2150,52.0358429,99.47159576,99.99234772,99.46259308,52.4407196,52.55935287,52.04868317,53.07581329,99.36096954,52.25122452,52.21419907,52.90421295,52.32242966,99.34403992,100.0053177,99.77439117,51.79029083,51.02577209,52.00128555,99.73251343,99.99499512,49.46206665,49.42368698,51.08844757,50.68775558,100.002037
2145,52.03799438,99.47428894,99.99320221,99.43753052,52.43897247,52.55562592,52.04749298,53.075321200000005,99.33430481,52.25609589,52.21256638,52.90001678,52.31853104,99.32051086,99.98169708,99.76542664,51.7869072,51.02532578,51.9981308,99.73020935,99.98664856,49.44904327,49.41358566,51.08863068,50.685554499999995,100.0023117
2140,52.03726959,99.48001862,99.99677277,99.41702271,52.43874359,52.55592346,52.04507828,53.07175446,99.31207275,52.25505066,52.21435547,52.89423370000001,52.31440735,99.29206848,99.95155334,99.77345276,51.78740692,51.0295105,52.00499725,99.73597717,99.99349976,49.44724274,49.40860748,51.09235001,50.68950653,100.0055084
2135,52.03570175,99.47426605,99.98799896,99.38591766,52.43980789,52.55808258,52.04709244,53.0733757,99.28753662,52.25385284,52.21296692,52.89260101,52.313796999999994,99.26389313,99.9261322,99.77412415,51.78553009,51.02461624,52.00551224,99.73323059,99.99620056,49.43837357,49.39905548,51.089286799999996,50.68299103,100.00392149999999
2130,52.03308868,99.47706604,99.99777222,99.35680389,52.444561,52.56165314,52.04516602,53.07006073,99.25837708,52.25088501,52.21223831,52.89305878,52.31269455,99.24848175,99.90352631,99.77013397,51.78205872,51.01676559,52.00246429,99.72486877,99.98703003,49.42175674,49.38616943,51.08307648,50.67769241,100.0014877
2125,52.03291321,99.47624207,99.99649811,99.32732391,52.438537600000004,52.56099701,52.0476265,53.07371521,99.24150848,52.24310684,52.20459747,52.88461304,52.304245,99.21331787,99.87865448,99.77141571,51.77799606,51.01189423,51.99843216,99.7219162,99.98731995,49.40829468,49.37382126,51.07212067,50.67172623,99.99512482
2120,52.02950668,99.47055817,99.99259949,99.29669189,52.43847275,52.55493546,52.04047012,53.07349014,99.20137787,52.24472427,52.20555115,52.88586426,52.30406952,99.17868042,99.83848572,99.76454163,51.77716064,51.01551437,51.99641418,99.73220062,99.99148559999999,49.39841843,49.36814879999999,51.0724411,50.66883469,100.00233459999998
2115,52.02550125,99.47679901,99.98840332,99.26244354,52.43623352,52.55157471,52.04114151,53.06632614,99.1681366,52.24451447,52.20447159,52.8866272,52.30606079,99.14925385,99.80755615,99.7720108,51.77627945,51.00883865,51.99294662,99.72832489,99.98682404,49.39097595,49.355663299999996,51.07178116,50.66722107,100.0010223
2110,52.0214386,99.47434235,99.99198151,99.22438812,52.435008999999994,52.55587769,52.03731155,53.06931686,99.12448883,52.24678421,52.20513153,52.88727188,52.30604935,99.11326599,99.77222443,99.76761627,51.77182388,51.0086174,51.99328613,99.73407745,99.99462891,49.38028336,49.35263824,51.07110214,50.66418076,99.99978638
2105,52.02012634,99.45890045,99.9852066,99.17993164,52.43722153,52.55661774,52.04261017,53.07179642,99.08678436,52.24710846,52.20423508,52.88115311,52.30763626,99.07108307,99.73509979,99.76821899,51.76771927,51.00920105,51.99193192,99.72441864,99.98919678,49.36847687,49.34555817,51.06744766,50.662971500000005,99.99859619
2100,52.02271271,99.47055817,99.99977112,99.1436615,52.43444443,52.55551147,52.03777695,53.06947708,99.05392456,52.24269104,52.20027161,52.87712097,52.30054855,99.02719879,99.69900513,99.76767731,51.76791382,51.00836945,51.98857879999999,99.72654724,99.99214172,49.35725403,49.33724976,51.06934357,50.65955353,100.00194549999999
2095,52.02059174,99.46044159,99.99095917,99.10918427,52.43034363,52.55223083,52.03554153,53.06785583,98.99849701,52.24782944,52.20475006,52.88858414,52.305595399999994,98.9924469,99.65447235,99.76979065,51.77299881,51.00610352,51.9899025,99.73159790000001,99.99815369,49.35077667,49.32740402,51.07175064,50.65843582,100.0018234
2090,52.02276611,99.4679184,99.99539185,99.06299591,52.43120193,52.55374146,52.03405762,53.06600189,98.95906067,52.24465561,52.20338058,52.88198471,52.308815,98.94348145,99.61520386,99.76595306,51.7702179,51.005786900000004,51.98709488,99.72671509,99.98684692,49.33529282,49.31770325,51.06733322,50.65449905,100.0049133
2085,52.01468658,99.46405029,99.99516296,99.01341248,52.44367599,52.55590057,52.03829956,53.06853485,98.9176712,52.24332047,52.20343399,52.883850100000004,52.3040123,98.90309906,99.57154083,99.7720871,51.76743698,51.0031929,51.98642731,99.73219299,99.99380493,49.33045578,49.30899429,51.06827545,50.65588379,100.0087891
2080,52.016819,99.45943451,99.99889374,98.96697998,52.44217682,52.56082916,52.03925323,53.07177353,98.87979889,52.24066925,52.19929123,52.87809372,52.29663086,98.85485077,99.53305817,99.76618958,51.76723099,50.99969482,51.98528671,99.71810913,99.99143219,49.32302856,49.29239273,51.06246948,50.65021515,99.99380493
2075,52.01274872,99.44837189,99.98413086,98.92609406,52.43365097,52.55353928,52.03570557,53.06733704,98.82329559,52.24581528,52.20492554,52.87910079999999,52.30270004,98.81192779999999,99.48928833,99.76399231,51.76270676,50.99672699,51.98506546,99.72360992,99.98323059,49.31331635,49.28473663,51.06417084,50.64665604,99.99993134
2070,52.01157761,99.45256805,99.98675537,98.87800598,52.43898773,52.55899429,52.03705597,53.06430435,98.78292847,52.24208069,52.20002365,52.87462616,52.2985878,98.75770569,99.43978882,99.76705933,51.7650528,50.99845505,51.9845314,99.72689056,99.98698425,49.30187607,49.281536100000004,51.06569672,50.65242004,99.99156952
2065,52.01582336,99.46282196,99.99859619,98.82978821,52.43844223,52.55276108,52.03453827,53.06690979,98.73073578,52.24757767,52.20332718,52.87672424,52.304142,98.71148682,99.38742828,99.77184296,51.76551437,51.00063705,51.98764038,99.72971344,99.99552917,49.28878403,49.27309036,51.06512451,50.65128326,100.00202940000001
2060,52.01243591,99.46079254,99.99358368,98.78136444,52.43437958,52.55566788,52.03107452,53.06492996,98.68965149,52.24219513,52.19467926,52.87360382,52.29895782,98.66753387,99.34028625,99.77785492,51.7621994,50.99908066,51.98662186,99.72581482,99.9932785,49.27943802,49.27173996,51.06389618,50.64820099,100.006279
2055,52.01460648,99.45677185,99.99047852,98.73779297,52.43430328,52.5514679,52.03217697,53.05841446,98.63699341,52.24348831,52.19682312,52.87116241,52.29899979,98.61991882,99.28987885,99.77410126,51.76750946,51.00013733,51.98798370000001,99.73007965,99.99742126,49.27566528,49.26483154,51.06338882,50.64611435,99.99938965
2050,52.01228333,99.45422363,99.98521423,98.68234253,52.43617249,52.55802155,52.03534317,53.064888,98.59047699,52.24243927,52.1948204,52.86814117,52.30093765,98.5690918,99.24024963,99.776474,51.76193237,50.99729156,51.99053955,99.73300171,99.99620056,49.27358627,49.25617981,51.05865479,50.64573288,100.0030518
2045,52.00981522,99.45749664,99.98380279999999,98.63972473,52.43249512,52.55301666,52.03163528,53.06229401,98.54080963,52.24081802,52.19559479,52.86873627,52.29964828,98.52393341,99.19887543,99.76299286,51.75719833,50.98644638,51.98209763,99.72079468,99.98010254,49.25115204,49.24334335,51.05154037,50.63875198,99.99324036
2040,52.0134697,99.46846008,99.99680328,98.58476257,52.43400192,52.55400085,52.02980804,53.05966568,98.48813629,52.23741531,52.19506073,52.86409378,52.29312134,98.47001648,99.13355255,99.77619934,51.7625885,50.99113464,51.99012756,99.73345184,99.99284363,49.24061584,49.23646927,51.05513763,50.64087677,100.0058517
2035,52.00946426,99.46073151,99.99180603,98.53376007,52.43155289,52.55079269,52.02872086,53.05648041,98.42939758,52.24306488,52.19739532,52.86961365,52.29689026,98.41290283,99.08208466,99.77024841,51.76012421,50.98719025,51.989048,99.73036957,99.98876953,49.22665787,49.22631073,51.05749893,50.63561249,100.0054703
2030,52.00804901,99.45922852,99.9881134,98.47379303,52.43450928,52.55330658,52.02928925,53.05838776,98.3792572,52.23496628,52.19303894,52.86368561,52.29375458,98.36116791,99.02578735,99.77463531,51.762275700000004,50.99113464,51.98683167,99.73143005,99.99723816,49.21783829,49.21318817,51.06188583,50.63711929,100.00765229999999
2025,52.00874329,99.46347046,99.99615479,98.41871643,52.43427658,52.55057144,52.02918243,53.05861664,98.32540894,52.23660278,52.19322586,52.86616135,52.29566193,98.30754089,98.97428131,99.7725296,51.75653076,50.98837662,51.98082733,99.73077393,99.99488831,49.21495819,49.19989395,51.06177902,50.63192368,100.0044022
2020,52.01110077,99.45867157,99.99636078,98.36321259,52.43080902,52.54729843,52.02181244,53.05535126,98.26331329,52.23797989,52.1957283,52.85898972,52.29174042,98.24378967,98.91386414,99.77178955,51.75382614,50.99027634,51.98515701,99.73232269,99.99201965,49.20944214,49.19208527,51.05761719,50.63378906,100.0014572
2015,52.00891495,99.45649719,99.9981308,98.30115509,52.43367004,52.55076218,52.02806091,53.05496979,98.20589447,52.23916245,52.19433975,52.86018753,52.2986412,98.18798828,98.8571167,99.77578735,51.7543335,50.98404694,51.98409653,99.73207092,99.99436951,49.19496536,49.18829727,51.05464935,50.634784700000004,100.0031738
2010,52.00701904,99.4634552,100.00394440000001,98.24492645,52.43974304,52.56248093,52.03178024,53.05967331,98.16036987,52.23590088,52.18866348,52.85977554,52.29036713,98.14418793,98.80425262,99.77838898,51.75474167,50.98271179,51.98334503,99.73985291,99.99874878,49.18139648,49.18470001,51.04824829,50.62963867,100.012764
2005,52.00172806,99.45344543,99.99959564,98.18943787,52.43890381,52.56565094,52.03768539,53.05873108,98.09693909,52.23743439,52.19042206,52.86520004,52.28797913,98.0725708,98.74611664,99.77744293,51.75559616,50.96656036,51.98231888,99.72779083,99.99334717,49.16313171,49.17775345,51.05163574,50.62627792,100.01197049999999
2000,52.00297928,99.45096588,100.0003662,98.13276672,52.43611145,52.56201172,52.0346756,53.05675888,98.03766632,52.23539352,52.19494629,52.86069489,52.28822327,98.01876831,98.69781494,99.77049255,51.75133896,50.9679718,51.97878647,99.72619629,99.99363708,49.15863419,49.16747665,51.05289841,50.62323761,100.0008545
1995,51.76628113,99.45919037,99.99126434,96.97182465,52.18651199,52.33002472,51.75513077,52.95061493,96.88600159,51.97081757,51.929920200000005,52.6970787,52.05300903,96.87111664,97.50321198,99.78742981,51.47109604,50.82378387,51.72578812,99.74550629,100.0020142,48.84996414,48.76551437,50.73052597,50.29116821,100.0097504
1990,51.76141357,99.44984436,99.98555756,96.91433716,52.18473816,52.31985474,51.75115967,52.94765091,96.8211441,51.97279358,51.93221664,52.69730759,52.05715179,96.80784607,97.4486084,99.78048706,51.46115875,50.8188858,51.72299194,99.73724365,99.98989105,48.82946777,48.74660873,50.72735596,50.28849411,100.0019073
1985,51.76553726,99.4573822,99.99191284,96.85482788,52.19063568,52.32552338,51.76104355,52.94810104,96.7636261,51.97589874,51.934982299999994,52.69318771,52.06283188,96.74719238,97.39069366,99.78472137,51.46175766,50.83176041,51.72447968,99.73946381,99.99159241,48.81229782,48.73390198,50.72034454,50.28594589,100.00050350000001
1980,51.75562668,99.46118927,99.99472046,96.80260468,52.19295502,52.32887268,51.76480865,52.95015717,96.71388245,51.972019200000005,51.92889404,52.69286728,52.05532837,96.6887207,97.3367157,99.78253937,51.45807266,50.83267212,51.71978378,99.73881531,99.99202728,48.79728317,48.71699524,50.71904755,50.28149033,99.99807739
1975,51.76144791,99.46848297,99.99633026,96.74821472,52.18989944,52.32289505,51.76651382,52.94453049,96.65087891,51.96964645,51.92753601,52.69502258,52.05553818,96.63763428,97.27925873,99.78424835,51.45824432,50.81674957,51.72038269,99.74015045,99.99327087,48.78858185,48.70817566,50.71268845,50.27294159,100.00408940000001
1970,51.75241852,99.45561218,99.99121857,96.70225525,52.16363144,52.31127167,51.75395584,52.94120789,96.61032867,51.95772171,51.92073441,52.67958069,52.04360962,96.58220673,97.22884369,99.78199768,51.45547485,50.81082535,51.716362,99.73557281,99.99278259,48.78150558,48.70217514,50.71123123,50.27064514,99.99700928
1965,51.76503754,99.46444702,99.99088287,96.63502502,52.17378616,52.32619476,51.75363541,52.94528198,96.542099,51.96477127,51.92269516,52.68944931,52.05162811,96.52906799,97.1709137,99.78181458,51.45240402,50.8024292,51.71644592,99.74178314,99.99169922,48.77338791,48.69999695,50.71028519,50.26734543,99.99614716
1960,51.77563477,99.47099304,99.99417877,96.5867691,52.15924835,52.3074646,51.75059509,52.93901062,96.48971558,51.963871000000005,51.93021774,52.67606354,52.05294418,96.4780426,97.10814667,99.78960419,51.45828629,50.80740356,51.72169113,99.74858093,99.99634552,48.76082993,48.70238113,50.72164536,50.27282715,99.99832153
1955,51.75436783,99.46143341,99.99266052,96.52897644,52.16509247,52.34147263,51.70674133,52.944015500000006,96.44203949,51.95587921,51.91828156,52.70940781,52.05407715,96.41495514,97.05250549,99.78875732,51.44884491,50.76099777,51.71883774,99.74988556,99.99263,48.745121000000005,48.69088364,50.71746063,50.2749939,100.00001529999999
1950,51.73816681,99.46729279,99.99536896,96.477005,52.17241669,52.34740829,51.73100662,52.93924332,96.38702393,51.95582962,51.92208099,52.71493149,52.05064392,96.37809753,97.00176239,99.78925323,51.4523735,50.76482391,51.71743774,99.75457764,99.99704742,48.72907257,48.67059708,50.71456528,50.2648468,100.00769809999998
1945,51.82559967,99.46482086,99.99253845,96.41110992,52.16791534,52.29327774,51.75665665,52.93529129,96.32569885,51.96342468,51.92899704,52.66146851,52.04790878,96.29994965,96.93643188,99.79467773,51.45867538,50.84609222,51.72851563,99.75077057,99.99750519,48.73160172,48.65100861,50.71094513,50.26339722,100.003479
1940,51.73194885,99.46691132,99.99686432,96.33898163,52.24328613,52.29911041,51.80588531,52.93003845,96.24589539,51.97982025,51.91850662,52.65342712,52.03035355,96.2302475,96.86315918,99.78885651,51.45579529,50.94255829,51.7101593,99.74788666,99.99075317,48.72880936,48.65182495,50.71567154,50.26982498,99.99829865
1935,51.64894867,99.45965576,99.98270416,96.29907227,52.34355164,52.32463455,51.77314377,52.93975067,96.21287537,52.00356674,51.89368057,52.65972137,52.03036499,96.18720245,96.82577515,99.78993225,51.46093369,51.02502823,51.70329285,99.7436142,99.98777008,48.70495605,48.63085938,50.71832657,50.26662445,99.99455261
1930,51.55159378,99.46587372,99.99028778,96.24456024,52.19286728,52.35868073,51.70444107,52.93820572,96.1581192,51.96085739,51.88933563,52.71430206,52.03472519,96.13452911,96.77162170000001,99.79554749,51.44410706,50.797576899999996,51.69075012,99.75058746,99.99478912,48.69386292,48.63648224,50.72185898,50.269104,99.99542236
1925,51.64154816,99.45399475,99.97494507,96.16988373,52.12693787,52.34248734,51.82772827,52.930336,96.07752228,51.95540619,51.92524719,52.6883316,52.04340363,96.04946899,96.69949341,99.78781128,51.46242523,50.71942902,51.71471786,99.74031067,99.98007202,48.6930275,48.63941193,50.72673416,50.27492523,99.99805450000001
1920,51.74671936,99.46602631,99.99156952,96.12113190000001,52.27988434,52.49865723,51.89888382,52.95421982,96.04162598,51.94750977,51.92401505,52.81695557,52.02462006,96.01239777,96.65656281,99.79154205,51.48526382,50.59215927,51.72133636,99.75073242,99.99058533,48.69503784,48.64047623,50.73604584,50.2795639,99.99514008
1915,51.78788757,99.45878601,99.98950195,96.10406494,52.38308334,52.59415436,51.74496841,52.96851349,96.01039886,51.94747925,51.93179321,52.90233994,52.05166245,95.98970032,96.63101196,99.79551697,51.46815872,50.62321854,51.72835541,99.74429321,99.99107361,48.68344498,48.63234711,50.73439026,50.27804947,99.99504852
1910,51.87351227,99.45236206,99.98364258,96.03872681,52.32222748,52.47585297,51.64644623,52.95861816,95.95440674,51.97052383,51.94600296,52.81990051,52.07281113,95.93372345,96.57170868,99.79646301,51.44501877,50.79907227,51.73601532,99.74672699,99.99349976,48.66780853,48.62049103,50.73666382,50.28302002,100.00315859999999
1905,51.72307587,99.45809937,99.99095154,95.98619079999999,52.19236755,52.30740738,51.79347992,52.92707062,95.8964386,51.98546219,51.93009186,52.67285538,52.04867172,95.87124634,96.51937866,99.79690552,51.46821213,50.8821907,51.72398758,99.75037384,99.99705505,48.65021515,48.60972977,50.73254776,50.28206253,99.99972534
1900,51.83733749,99.45208740000001,99.98374939,95.94474029999999,52.175819399999995,52.23351288,51.87517929,52.91978073,95.85355377,52.00191116,51.94330215,52.61506271,52.04002762,95.8325882,96.48005676,99.78520203,51.48992538,51.01621246,51.7367897,99.737854,99.99329376,48.63632202,48.57577515,50.73620224,50.28090668,99.99555206
1895,51.87142563,99.45354462,99.98773193,95.90868378,52.1042099,52.24796677,51.64202881,52.92356491,95.82369995,51.96389389,51.92935944,52.64292526,52.06090927,95.79859161,96.44855499,99.79076385,51.43778992,50.84623718,51.72213364,99.74290466,99.98976898,48.60536194,48.53934479,50.7078476,50.24248886,100.0018616
1890,51.845722200000004,99.44508362,99.98567963,95.87684631,52.39186859,52.410350799999996,51.50444031,52.95265961,95.78581238,51.97377014,51.93113708,52.7165947,52.07246399,95.77050781,96.42179871,99.78929138,51.40008926,50.85294342,51.71456146,99.74249268,99.99102020000001,48.59119797,48.53418732,50.70440292,50.23267746,99.99167633
1885,51.74736786,99.44584656,99.98574066,95.84518433,52.20322418,52.28450775,51.61510849,52.92622375,95.7614212,51.95478821,51.89832306,52.62537003,52.0397377,95.74448395,96.38388062,99.79820251,51.40834045,50.90157318,51.69879913,99.75230408,99.99769592,48.56203079,48.51412582,50.68888855,50.22042847,100.0007477
1880,51.59008026,99.44729614,99.98620605,95.78779602,52.16545868,52.30648041,51.72284698,52.92892456,95.69839478,51.94475555,51.88644028,52.65914154,52.02454376,95.6754303,96.32705688,99.79555511,51.42189789,50.80916977,51.68557739,99.75252533,99.99088287,48.55211258,48.51190567,50.68002319,50.22075272,99.99776459
1875,51.64585876,99.44428253,99.98462677,95.7569046,52.20376205,52.2699585,52.01309204,52.92441177,95.67317963,51.964492799999995,51.91222382,52.60180283,51.99078751,95.65814972,96.30618286,99.79473114,51.48518753,50.94848251,51.70906067,99.75920105,99.99262238,48.56929016,48.54994583,50.70399094,50.24299622,99.99667358
1870,51.79445648,99.44847107,99.9751358,95.71821594,52.49111176,52.50563812,52.05559158,52.95736313,95.63192749,51.97969055,51.92634583,52.76822281,52.00910568,95.6109848,96.24534607,99.79022217,51.52994537,50.88951492,51.73646164,99.75337219,99.99754333,48.58441544,48.54427338,50.74341965,50.28383636,99.99729156
1865,51.65187073,99.45925140000001,99.98525238,95.68260956,52.16069031,52.24829865,51.86211014,52.90771103,95.59210968,51.97142792,51.90194321,52.610439299999996,52.01208496,95.56494141,96.21188354,99.78733063,51.45571136,50.90622711,51.70300674,99.73959351,99.99287415,48.51358032,48.46310425,50.69483566,50.22695541,99.99990082
1860,51.64512253,99.45107269,99.98467255,95.65066528,52.11790085,52.19081116,51.95968246,52.91456604,95.57162476,51.96686554,51.88852692,52.54679871,51.98672867,95.55123138,96.19711304,99.80464935,51.46678162,50.90062714,51.69955444,99.7570343,99.99493408,48.50337601,48.4670639,50.68529892,50.2211647,100.0011215
1855,51.65111542,99.44715118,99.98414612,95.60640717,52.18045807,52.40833664,51.84765625,52.9217186,95.51998138,51.93446732,51.89271545,52.78591537,52.00569153,95.50183105,96.14782715,99.7963562,51.44669342,50.66134262,51.69206238,99.74822235,99.99275970000001,48.48828125,48.44504166,50.68766403,50.215168,100.0033646
1850,51.54130554,99.44464874,99.98539734,95.58596039,52.20642853,52.34909058,52.04754639,52.92653275,95.50254059,51.93637085,51.88945389,52.712677,51.97652054,95.48280334,96.13330841,99.79904175,51.47534561,50.78368378,51.68564987,99.75546265,99.99176025,48.484607700000005,48.44187927,50.67969131,50.21114349,99.99230957
1845,51.78507614,99.44519806,99.98666382,95.55558777,52.365448,52.38415146,51.82510757,52.94744492,95.46910095,51.935112,51.89441299,52.68706131,52.00318146,95.44544983,96.09543609999999,99.79453278,51.45433044,50.91569519,51.69711685,99.74858093,99.99655151,48.46147156,48.42299652,50.67408752,50.20645142,99.99742889
1840,51.60795593,99.43946075,99.98348999,95.51899719,52.41905975,52.44316864,51.67033005,52.96088028,95.43357849,51.93381882,51.89048004,52.73494720000001,52.02316666,95.41490936,96.0687027,99.80007172,51.40605164,50.88457489,51.68979263,99.75922394,99.99324799,48.46752167,48.43751907,50.68319321,50.21326065,99.99609375
1835,52.02197266,99.45659637,99.99317169,95.50011444,52.18230057,52.33234787,51.57998276,52.91312408,95.41436768,51.93668747,51.93064879999999,52.67859268,52.05341721,95.38494109999999,96.04434967,99.79262543,51.42388916,50.78301239,51.71643448,99.73881531,99.99708557,48.43054962,48.3963089,50.673328399999995,50.20037842,99.99829865
1830,51.799263,99.43870544,99.98728179999999,95.48650359999999,52.09701157,52.20215225,51.43803787,52.90309143,95.40150452,51.94314194,51.8910408,52.5563736,52.0500946,95.38250732,96.03482819,99.79872131,51.36672211,50.82827759,51.6890831,99.75283051,99.99179840000001,48.40994263,48.38199615,50.65820313,50.1858902,99.99935913
1825,51.58282471,99.43914032,99.98493958,95.45415497,52.14999771,52.29325104,51.75943375,52.91222763,95.36811829,51.92360306,51.87147141,52.68321609,51.99951935,95.34184265,96.00084686,99.79481506,51.403862,50.77770996,51.6734848,99.74530029,99.99211121,48.37865448,48.34382629,50.64039993,50.16610718,99.9887085
1820,51.66352463,99.44042969,99.98275757,95.43356323,52.24733353,52.36821747,51.81565857,52.91846466,95.35271454,51.91581345,51.87885284,52.68439102,51.99403,95.32371521,95.9797821,99.80537415,51.42412949,50.73757172,51.68280029,99.75048065,99.99363708,48.37298203,48.33942795,50.64421844,50.16341782,99.99917603
1815,51.59971237,99.44081116,99.99040222,95.41139984,52.13124084,52.33088684,51.76698685,52.89660263,95.33039856,51.90665817,51.86523056,52.67893219,51.9907608,95.30194092,95.96351624,99.7917099,51.39799881,50.70231628,51.66661072,99.7447052,99.98983765,48.33886719,48.29853821,50.62050247,50.14330292,99.99641418
1810,51.69585419,99.43962859999999,99.98922729,95.40223694,52.19632339,52.35116577,51.76390839,52.91166306,95.32093048,51.89318085,51.86940002,52.71080017,51.98685455,95.29961395,95.94891357,99.79925537,51.40960693,50.72978592,51.67367554,99.75590515,99.99569702,48.31492996,48.27734375,50.60658264,50.13256073,99.99712372
1805,51.72309113,99.43878174,99.99682617,95.39557648,52.10214996,52.23308182,51.7460289,52.89817047,95.3180542,51.89941025,51.86616898,52.59047318,51.98974609,95.29475403,95.94207764,99.80461884,51.40850067,50.78108215,51.6717186,99.75723267,99.99240112,48.30039597,48.26550293,50.60191727,50.12443542,99.99862671
1800,51.69828415,99.43958282,99.99069214,95.38608551,52.12836456,52.24136734,51.74073029,52.89864349,95.30431366,51.89982605,51.86379623,52.59092331,51.98965836,95.28011322,95.92998505,99.8026123,51.40019226,50.78191757,51.66910934,99.75509644,99.99015045,48.28076172,48.25214767,50.59418106,50.11548233,100.0020752
1795,51.7007637,99.43780518,99.98924255,95.36612701,52.10709,52.23637772,51.67441559,52.90121460000001,95.28566742,51.8927269,51.8588829,52.60488892,51.990448,95.26730347,95.91734314,99.801651,51.38116455,50.7579155,51.6619873,99.75708771,99.99385071,48.25161362,48.23428726,50.58422852,50.10225296,100.0032578
1790,51.68491745,99.44112396,99.99364471,95.35449219,52.11077499,52.25834656,51.69510651,52.89844131,95.27664948,51.89564133,51.85765076,52.61152267,51.99102020000001,95.26161194,95.91049194,99.80120087,51.38498688,50.73070526,51.66115189,99.75396729,99.99388123,48.23664856,48.21526337,50.57918549,50.0887146,100.0062103
1785,51.67901611,99.43279266,100.00118259999999,95.35395813,52.12131119,52.26412964,51.66825485,52.89113998,95.28112793,51.87675476,51.84505463,52.61533737,51.98360825,95.24976349,95.90944672,99.80357361,51.36960602,50.71580505,51.65120316,99.74899292,99.99423981,48.21361160000001,48.18900681,50.56480789,50.07978058,99.99465942
1780,51.67058182,99.43183899,99.99398041,95.35017395,52.12458801,52.26173401,51.66819,52.89372635,95.26955414,51.87695694,51.84601974,52.61711502,51.98141479,95.24790955,95.9009552,99.80207062,51.37268829,50.72834396,51.65519714,99.74826813,99.98838043,48.19939041,48.16665649,50.56332779,50.07606888,99.99447632
1775,51.6700325,99.43273163,99.99215698,95.33797455,52.12062454,52.25489807,51.68215561,52.89479446,95.26589203,51.87457275,51.84130859,52.61052704,51.97619629,95.23791504,95.90098572,99.79995728,51.3670578,50.71867752,51.647346500000005,99.75513458,99.99015045,48.18040848,48.14394379,50.55066299,50.06856918,99.99611664
1770,51.66834641,99.43301392,99.98886871,95.33483124,52.12168884,52.26055527,51.68275070000001,52.88823318,95.25476837,51.881515500000006,51.8458786,52.61618042,51.97738266,95.22884369,95.88867188,99.80363464,51.36791992,50.70473099,51.65520859,99.75279236,99.99328613,48.16011429,48.13572693,50.55287933,50.06154251,99.9995575
1765,51.67155838,99.43655396,99.99350739,95.33120728,52.11882019,52.25598145,51.66927719,52.89071655,95.25423431,51.87038803,51.83929825,52.6154747,51.97492218,95.23071289,95.8839035,99.80886078,51.36668015,50.69774246,51.64892578,99.76097107,99.99121094,48.14666748,48.12187195,50.54848862,50.0567627,100.0042191
1760,51.6648941,99.42958069,99.98922729,95.33881378,52.10630417,52.24681473,51.66358185,52.88718796,95.25656891,51.86883163,51.83834839,52.61286926,51.96809006,95.23823547,95.89693451,99.79706573,51.35564804,50.69305801,51.64173889,99.75104523,99.99327087,48.12018585,48.10957336,50.53829956,50.04812622,99.99919128
1755,51.66371918,99.43041229,99.99665833,95.33074188,52.114669799999994,52.25350189,51.67170334,52.88398361,95.25498199,51.86820221,51.83338547,52.61161423,51.96876526,95.22931671,95.88478851,99.81156921,51.36550522,50.70024109,51.64426041,99.76603699,99.99346924,48.11012268,48.10319901,50.53532028,50.04906082,100.0028763
1750,51.66188431,99.43689728,99.99304199,95.33319092,52.10372925,52.245510100000004,51.66592407,52.88138962,95.25856781,51.86489868,51.83498764,52.60695648,51.97395706,95.23406219,95.88894653,99.81015015,51.36458969,50.68602753,51.64752197,99.76013184,99.99175262,48.09305191,48.07559586,50.52841187,50.03756332,99.99815369
1745,51.66243744,99.43299866,99.99329376,95.33927155,52.11122131,52.24751282,51.66174698,52.879257200000005,95.27037811,51.85665512,51.82736588,52.61132813,51.9666214,95.25180054,95.89888,99.8111496,51.35538483,50.67965317,51.63961792,99.76284790000001,99.99730682,48.06964874,48.04346466,50.5218277,50.03066254,99.99764252
1740,51.65375519,99.42978668,99.9930191,95.35390472,52.10118103,52.23826599,51.65655518,52.87418365,95.27545929,51.85486221,51.82508087,52.60171127,51.96141052,95.25523376,95.90729523,99.79827118,51.35447311,50.68562698,51.63487625,99.76226807,99.99355316,48.04804993,48.02176666,50.51818466,50.02514648,100.002121
1735,51.65445328,99.44012451,99.99768066,95.36010742,52.10591507,52.2420578,51.65888214,52.87015915,95.28178406,51.85410309,51.82550049,52.60112381,51.95834732,95.2583313,95.91055298,99.81134796,51.35567093,50.68821335,51.63843536,99.77040863,100.0011902,48.03356934,48.014431,50.51792145,50.01768494,100.0019913
1730,51.65293121,99.43707275,99.99330902,95.37229156,52.09803772,52.23849869,51.6510849,52.86943436,95.29551697,51.84542084,51.82257843,52.60401917,51.95845413,95.27811432,95.9262085,99.80470276,51.35457611,50.67660141,51.62968063,99.76451874,99.99322509999999,48.01781082,48.00950623,50.51387024,50.01842499,100.00578309999999
1725,51.65234375,99.43592072,99.99580383,95.38646698,52.08860779,52.22888184,51.65107346,52.86486053,95.31148529,51.8408432,51.82114792,52.59544373,51.95634842,95.28594971,95.94024658,99.80413055,51.34909058,50.67559433,51.62866592,99.76203156,99.9932785,47.99302673,47.98888397,50.50451279,50.00182343,100.002121
1720,51.64792633,99.43035889,99.99543762,95.40590668,52.09179688,52.23210526,51.64725113,52.86065292,95.33933258,51.83415985,51.80686188,52.59111023,51.94538116,95.30753326,95.96607971,99.80724335,51.33856583,50.66532898,51.622974400000004,99.75879669,99.99011993,47.96618652,47.96558762,50.49281311,49.99256897,99.99848938
1715,51.63933182,99.43088531,99.99385834,95.42291259999999,52.08443451,52.22089767,51.64466095,52.86120224,95.34623718,51.83242035,51.81136322,52.59245682,51.94748688,95.32214355,95.98335266,99.80558777,51.34010315,50.66867447,51.62139129999999,99.75386047,99.99001312,47.95309448,47.93846893,50.48936081,49.98796844,99.99937439
1710,51.640106200000005,99.42824554,99.99021912,95.4440918,52.07841492,52.21902847,51.63806534,52.8572731,95.36737823,51.83374405,51.8091011,52.58716965,51.94736862,95.34345245,96.00245667,99.81299591,51.33568192,50.66161346,51.619159700000004,99.76436615,99.99478149,47.93360138,47.90937805,50.4825592,49.98646164,100.0032883
1705,51.63362122,99.42333984,100.00234990000001,95.46543121,52.08935165,52.22141647,51.64337158,52.85624695,95.39112091,51.82926178,51.80487823,52.58599472,51.94387436,95.3705368,96.02854919,99.80678558,51.33480453,50.65327454,51.61709595,99.75554657,99.9920578,47.909935,47.88554764,50.47914505,49.96886444,100.0035019
1700,51.62627029,99.43357849,99.99192047,95.50278473,52.07715607,52.21324539,51.63564682,52.84925842,95.42236328,51.82283401,51.79941177,52.59121704,51.93518448,95.39736938,96.05604553,99.80877686,51.32774734,50.65040588,51.61016083,99.7635498,99.99208069,47.88411331,47.87632751,50.47024918,49.96168137,99.99869537
1695,51.62558746,99.42852020000001,99.98881531,95.52650452,52.07545089999999,52.20910263,51.63015747,52.84873962,95.45313263,51.81427765,51.79476929,52.57949829,51.93224716,95.42003632,96.07892609,99.81552124,51.32683563,50.64885712,51.61097717,99.770401,99.99747467,47.86553574,47.87377548,50.46306229,49.95948029,100.01303859999999
1690,51.61970139,99.42589569,99.99313354,95.55485535,52.0698967,52.20756531,51.62683868,52.84402466,95.48248291,51.81224442,51.79151154,52.57793808,51.9296875,95.45681,96.11702728,99.80451202,51.32108307,50.64796829,51.60250092,99.75587463,99.99118805,47.84634781,47.85170364,50.45673752,49.94840622,100.00392149999999
1685,51.61974335,99.43495941,99.99118042,95.59357452,52.05990601,52.19844437,51.61570358,52.84268188,95.51194763,51.80617523,51.78813171,52.57752609,51.92928314,95.50015259,96.14814758,99.81461334,51.32333755,50.63560486,51.60058594,99.77095795,99.99894714,47.82392120000001,47.82995987,50.45477676,49.93747329999999,100.0051041
1680,51.61297989,99.42708588,99.99017334,95.63025665,52.05547714,52.19926071,51.62045288,52.84158707,95.55282593,51.80186081,51.78593826,52.57198715,51.92307663,95.527565,96.18691254,99.81285095,51.31247711,50.63065338,51.59736252,99.76360321,99.9937973,47.79664612,47.78503418,50.44007874,49.92741394,100.00027469999999
1675,51.61173248,99.44168854,99.9890976,95.66717529,52.04815292,52.19163132,51.61425018,52.83629227,95.59731293,51.79285431,51.77833939,52.56384659,51.91464996,95.57469177,96.22735596,99.8147583,51.31184387,50.61592484,51.58815384,99.7677002,99.99927521,47.77522278,47.75606537,50.43169403,49.9202652,100.00419620000001
1670,51.60305405,99.43405914,99.99227905,95.7015686,52.04299164,52.18101883,51.61398697,52.83229446,95.62872314,51.7912941,51.77574158,52.56304932,51.913517,95.61161041,96.26633453,99.81315613,51.30557251,50.61993408,51.58742142,99.76477814,99.99456787,47.75490189,47.74401855,50.42161942,49.90996933,100.0044556
1665,51.60282898,99.42781067,99.99391937,95.74656677,52.0465126,52.18143463,51.60488892,52.82913589,95.67372894,51.7833519,51.76802826,52.56241989,51.91024017,95.6530304,96.30625153,99.81283569,51.30120087,50.62002563,51.58204269,99.76670837,99.9969635,47.73072052,47.74057388,50.41411972,49.89988327,100.0054321
1660,51.58757401,99.42034149,99.98214722,95.78901672,52.0320816,52.171642299999995,51.59926987,52.82641602,95.72351837,51.77453232,51.75617218,52.55041122,51.89994431,95.69613647,96.35864258,99.81202698,51.29655457,50.59849167,51.57126617,99.7589035,99.99183655,47.70320511,47.71658325,50.40366745,49.88568497,100.0008545
1655,51.58695602,99.42393494,99.99291229,95.83438873,52.03583908,52.16920853,51.59021759,52.8201828,95.76708984,51.76250839,51.74906158,52.54533768,51.89610672,95.7430954,96.39804077,99.82042694,51.28641891,50.6016655,51.56805038,99.77397919,100.0094452,47.67551804,47.68606186,50.39277649,49.87363052,100.01091770000001
1650,51.57671738,99.42237854,99.99225616,95.88531494,52.01444626,52.15235519,51.58398819,52.82271576,95.81253815,51.75777817,51.74804306,52.54315186,51.88507843,95.78591919,96.45233917,99.80853271,51.27556229,50.59226608,51.55909729,99.76147461,99.99021912,47.65190506,47.64434052,50.38072586,49.86025238,99.99887848
1645,51.56972885,99.42340088,99.99159241,95.92754364,52.01145935,52.15264511,51.58166122,52.81798172,95.8503418,51.75488663,51.74448395,52.5438385,51.88574219,95.82447052,96.49590302,99.81174469,51.27499771,50.58356094,51.55420303,99.76079559,99.99768066,47.62279892,47.61782837,50.37383270000001,49.85235214,100.0001755
1640,51.5656395,99.42902374,99.99814606,95.97235107,52.01184845,52.15523911,51.57723236,52.81082916,95.90303802,51.74562454,51.73709869,52.53626251,51.87856674,95.88137054,96.54201508,99.81398773,51.26813126,50.58095932,51.55000687,99.76821899,99.99189758,47.59649277,47.6065979,50.3670578,49.839206700000005,100.0063095
1635,51.56538391,99.42761993,99.99082947,96.02440643,52.00632095,52.14920807,51.56763839999999,52.808010100000004,95.95169067,51.7430191,51.73398972,52.53021622,51.87806320000001,95.92391205,96.59496307,99.80690002,51.26450729,50.57232285,51.54444122,99.76259613,99.99013519,47.57507324,47.59145355,50.35555267,49.83177567,99.99800873
1630,51.55762482,99.42719269,99.99148559999999,96.07369995,52.00228882,52.13731384,51.56284714,52.80426788,95.99775696,51.73896027,51.72921371,52.5291748,51.87108612,95.97837829999999,96.63575745,99.8176651,51.2641983,50.56415939,51.54327011,99.77390289,100.0026321,47.55381012,47.5737648,50.34764862,49.82350922,100.0155182
1625,51.55434418,99.42763519,99.99272156,96.13231659,51.989669799999994,52.13143158,51.55624008,52.79727554,96.05399323,51.72679901,51.71636963,52.52059555,51.85956955,96.02901459,96.69316101,99.81238556,51.25367737,50.55829239,51.53512955,99.77093506,99.99303436,47.52094269,47.543941499999995,50.34093094,49.80805969,100.00782009999999
1620,51.54714584,99.42353058,99.99440002,96.17446899,51.98845673,52.12757111,51.55278397,52.79468918,96.10422516,51.72319412,51.71497345,52.51468277,51.85477829,96.07447052,96.73643494,99.82469177,51.24953842,50.55880737,51.53252029,99.76571655,99.99381256,47.49709702,47.508876799999996,50.33086395,49.80090332,100.0057678
1615,51.54690552,99.43172455,99.99774933,96.22034454,51.97967148,52.12099075,51.55144882,52.79116821,96.15161133,51.71499252,51.7083931,52.51215744,51.85388184,96.12160492,96.78929901,99.81311798,51.24673843,50.55273819,51.52722168,99.77098083,99.9959259,47.4769516,47.48138046,50.32513809,49.79626846,100.00192259999999
1610,51.53858185,99.42475128,99.99082947,96.27101135,51.97671127,52.11017609,51.54663849,52.78448486,96.19983673,51.71899796,51.70222473,52.50492096,51.84844589,96.17929077,96.83869171,99.81390381,51.24324417,50.54246902,51.52108765,99.76391602,99.99182129,47.44820786,47.46418381,50.31023026,49.78273392,100.0035782
1605,51.53493881,99.41917419,99.99062347,96.31358337,51.97819519,52.11868286,51.54471588,52.78761292,96.24829102,51.70464325,51.70185471,52.50936127,51.8453064,96.22102356,96.89561462,99.81257629,51.231105799999995,50.52542877,51.51256943,99.76157379,99.98600769,47.41231537,47.44274521,50.30137253,49.76723099,99.99452209
1600,51.53411102,99.42676544,100.0037308,96.37257385,51.96031189,52.10140228,51.53482056,52.77783966,96.29620361,51.69768524,51.69868469,52.49807739,51.83548355,96.26807404,96.93338013,99.81519318,51.22911835,50.52724457,51.51333618,99.77339172,99.99724579,47.39959717,47.42544174,50.29925537,49.75871658,100.00779720000001
1595,51.52604675,99.42446899,99.99520111,96.4105072,51.96219635,52.10252379999999,51.52921677,52.77676392,96.34185028,51.69636536,51.69359589,52.49146652,51.8337059,96.30890656,96.9835968,99.8161087,51.22798538,50.52344131,51.50431824,99.7640686,99.98794556,47.37338638,47.395088200000004,50.28902817,49.75331116,99.99965668
1590,51.522529600000006,99.41388702,99.99205017,96.45710754,51.95608139,52.09888077,51.52865601,52.76442337,96.37703705,51.69715881,51.69184875,52.49236679,51.8324852,96.35673523,97.01995087,99.82028961,51.22467422,50.52090454,51.50928497,99.77213287,99.99729156,47.34663391,47.36877823,50.287090299999996,49.74960327,100.0097275
1585,51.52102661,99.4315567,99.99777985,96.49409485,51.95841217,52.09408569,51.528446200000005,52.76990509,96.42373657,51.69160843,51.68483353,52.48968124,51.82822418,96.39815521,97.07164001,99.80926514,51.21964645,50.51787949,51.50145721,99.76003265,99.99263,47.31488037,47.34389114,50.27448654,49.73634338,100.00267029999999
1580,51.51650238,99.42781067,99.99251556,96.53498077,51.96080017,52.09069824,51.52682495,52.76147079,96.46630859,51.68406296,51.68151093,52.48298645,51.82834244,96.43779755,97.10835266,99.81878662,51.21539307,50.5127182,51.49639893,99.76332855,99.99306488,47.30381775,47.32647705,50.26854324,49.72773361,100.00161740000001
1575,51.51218033,99.43048096,99.99383545,96.58226013,51.95018005,52.08517838,51.51622391,52.75876999,96.51019287,51.67721558,51.67819977,52.48248672,51.82025528,96.49211121,97.15948486,99.80692291,51.2035141,50.50417328,51.48939514,99.75968933,99.98829651,47.26255417,47.2978096,50.25849152,49.71461487,100.0003433
1570,51.5031395,99.42110443,99.99568939,96.62516022,51.94047546,52.0785408,51.51416016,52.75146484,96.55622864,51.67025375,51.67120743,52.47117233,51.81409073,96.52462769,97.18974304,99.82232666,51.20585632,50.50099945,51.49193573,99.77562714,99.99198151,47.23529053,47.27959442,50.25498962,49.70811462,100.01210019999999
1565,51.49953461,99.42337036,99.99764252,96.66387177,51.93854523,52.07382584,51.50806427,52.74133682,96.58463287,51.67087936,51.66786194,52.46938324,51.81402588,96.55679321,97.22917175,99.8092041,51.20051575,50.49668121,51.4834404,99.7664566,99.99327087,47.21846771,47.24931717,50.24464798,49.7013588,99.99922943
1560,51.49766159,99.42285156,99.99156952,96.69213867,51.93231583,52.07345963,51.50707245,52.742706299999995,96.61994934,51.66347504,51.66503906,52.46395874,51.807724,96.59397888,97.25940704,99.81541443,51.20168304,50.48925781,51.482921600000005,99.77462769,99.99227905,47.19517517,47.23078537,50.24310303,49.69642258,100.00535579999999
1555,51.49982071,99.42630005,99.99156189,96.72597504,51.93571472,52.06820297,51.50420761,52.73468399,96.65858459,51.65719223,51.65942764,52.45584106,51.80488205,96.62741089,97.29520416,99.81726074,51.198452,50.4875412,51.48472214,99.76573944,99.99281311,47.15808105,47.20960617,50.23694611,49.68810272,99.99821472
1550,51.49451065,99.42838287,99.99248505,96.76352692,51.92292786,52.06006241,51.49576569,52.73073959,96.69212341,51.65150833,51.65327835,52.44829178,51.79943848,96.66317749,97.33034515,99.8155365,51.19374466,50.48388672,51.47638321,99.77844238,99.99194336,47.13819122,47.17752457,50.22844696,49.67195892,100.006279
1545,51.48177338,99.41514587,99.98744965,96.78939819,51.9270401,52.06417465,51.4929657,52.72533417,96.72203827,51.64188766,51.64997482,52.44906616,51.79434967,96.69052124,97.35958099,99.81909943,51.18852234,50.47770691,51.46971893,99.76597595,99.99165344,47.11418915,47.15244293,50.21969223,49.66570282,99.99996185
1540,51.48476791,99.42854309,100.0018463,96.82010651,51.92165375,52.0574646,51.4907074,52.71854401,96.74934387,51.64299774,51.64544678,52.44213486,51.78648376,96.71202087,97.38471985,99.81893158,51.18393707,50.47676086,51.46687698,99.76587677,99.99415588,47.07791519,47.13469696,50.21139908,49.65898132,100.00347140000001
1535,51.47464752,99.42510986,99.99192047,96.83837128,51.91829681,52.05303574,51.48917007,52.71416855,96.77155304,51.63685608,51.6439209,52.43579865,51.78334045,96.74388123,97.40677643,99.82017517,51.1857338,50.47691345,51.46749115,99.77400208,99.99745941,47.06062698,47.11399841,50.20691681,49.65302277,100.00513459999999
1530,51.47562027,99.42584991,99.98814392,96.86166382,51.91053772,52.04967117,51.48785782,52.71010971,96.79171753,51.63762665,51.64483643,52.43457413,51.78639984,96.76071929999999,97.43228912,99.81519318,51.17832565,50.47116089,51.4633255,99.77380371,99.99250793,47.03731537,47.08644104,50.20681763,49.64332581,99.99832153
1525,51.47429657,99.43495178,99.99655914,96.8897934,51.91367722,52.04732513,51.4828186,52.7024765,96.81687164,51.63685226,51.63963318,52.42788315,51.78187561,96.78919983,97.45592499,99.81531525,51.17494583,50.46527481,51.46113586,99.76818848,99.98982239,46.99945068,47.05605316,50.19859695,49.63634109,99.99620819
1520,51.47478485,99.42821503,99.99790192,96.91217041,51.90973282,52.04478073,51.47428513,52.69928741,96.84174347,51.62695694,51.63171387,52.42015839,51.77664185,96.81656647,97.47377014,99.82082367,51.17048645,50.46414185,51.45749283,99.77108002,99.99813843,46.9721489,47.02703857,50.18990707,49.62491989,100.0042801
1515,51.4646225,99.42831421,99.99530792,96.93152618,51.898723600000004,52.03825378,51.47154236,52.69680023,96.86224365,51.62295532,51.62875748,52.41005325,51.77208710000001,96.82821655,97.49874115,99.82028198,51.16401291,50.45761871,51.45006179999999,99.76773834,99.99248505,46.95398331,47.00772858,50.18066025,49.61669159,99.99705505
1510,51.46062851,99.42759705,99.9954834,96.94838715,51.90481567,52.03248215,51.47270584,52.68869399999999,96.87678528,51.62060928,51.62419128,52.41134644,51.77361298,96.85353088,97.51068115,99.82162476,51.16546249,50.46149445,51.45082474,99.77370453,99.99798584,46.91835403,46.99181747,50.18006516,49.61524582,100.0061874
1505,51.46437836,99.43832397,100.0001678,96.96496582,51.89331818,52.03039169,51.46699524,52.68140411,96.89562225,51.61177063,51.6203537,52.39731216,51.763107299999994,96.86591339,97.52703094,99.81826782,51.16466904,50.45162964,51.44314194,99.76823425,99.99097443,46.88910675,46.96997833,50.17188263,49.60528564,100.0021973
1500,51.45276642,99.43127441,99.99080658,96.97484589,51.89742279,52.03581619,51.4679184,52.68214798,96.91072083,51.60906982,51.62188339,52.39413452,51.758514399999996,96.87948608,97.54413605,99.81798553,51.16005707,50.44767761,51.44118118,99.77038574,99.98901367,46.86917114,46.92913437,50.15869141,49.59820938,100.0013199
1495,51.45275116,99.43138123,99.99764252,96.98716736,51.89707947,52.03079987,51.45972824,52.67152786,96.92076111,51.6069603,51.61867142,52.39213181,51.75946426,96.89654541,97.55044556,99.82486725,51.15707397,50.44781494,51.43684769,99.7789917,99.99702454,46.83689499,46.90095139,50.16246414,49.59168243,100.01316070000001
1490,51.44766998,99.422966,99.99215698,96.99523926,51.88787079,52.02634811,51.45996094,52.678649899999996,96.92814636,51.60374451,51.6126709,52.38479996,51.75691223,96.89577484,97.55788422,99.82250977,51.15454102,50.4383812,51.44036865,99.7726059,99.99472809,46.80360794,46.88872147,50.15903854,49.58389664,100.000206
1485,51.43952179,99.436409,99.99197388,97.01058197,51.87755203,52.02082443,51.45650482,52.66867447,96.94248962,51.59912109,51.60601044,52.37846375,51.74750137,96.9153595,97.57135773,99.82131195,51.15190887,50.43930435,51.430439,99.77714539,99.99312592,46.78762436,46.87461853,50.1533432,49.576931,100.00640109999999
1480,51.44140244,99.43424225,99.99048615,97.00523376,51.90356445,52.0360527,51.44276047,52.65272141,96.93299866,51.59775162,51.60368729,52.38830948,51.74871826,96.90338135,97.56269836,99.82126617,51.14929581,50.42238998,51.42803955,99.77308655,99.99159241,46.75324249,46.84316635,50.14561844,49.57098007,100.0005341
1475,51.44503784,99.43950653,99.99412537,97.02357483,51.88898468,52.02246475,51.45710754,52.63915253,96.95207214,51.59550858,51.60068893,52.36626816,51.74617767,96.92446899,97.57603455,99.82352448,51.14592361,50.43941116,51.43091583,99.78549194,100.00165559999999,46.72294998,46.80041504,50.14092255,49.56664276,100.0032196
1470,51.42980957,99.43914032,99.99400329999999,97.01641083,51.85895538,52.00529099,51.44083023,52.65029144,96.94784546,51.58904648,51.59723282,52.35032272,51.74129486,96.91657257,97.56960297,99.8197937,51.14437866,50.45677948,51.42221451,99.77326202,99.98707581,46.70515823,46.78028488,50.14485168,49.55916595,99.99949646
1465,51.44447708,99.43736267,99.99229431,97.02764893,51.87055588,51.99973679,51.42459869,52.63342285,96.96459961,51.58158493,51.59269714,52.34143066,51.73952484,96.93340302,97.58945465,99.81752014,51.13809586,50.43241882,51.41677094,99.77626801,99.98569489,46.66075134,46.76780701,50.12898254,49.55183792,100.0005569
1460,51.43254471,99.43443298,99.98712921,97.03261566,51.88369751,52.01434326,51.45409775,52.62238312,96.95684052,51.5786705,51.59632492,52.35842514,51.73815536,96.92913055,97.58448792,99.81744385,51.13761902,50.40909195,51.41953659,99.76837921,99.98505402,46.63251495,46.74267197,50.1149826,49.53518677,99.9963913
1455,51.44174194,99.44366455,99.99420929,97.01226807,51.88162994,52.00710297,51.43864822,52.62114334,96.94644928,51.5783844,51.59035873,52.34847641,51.72904587,96.91942596,97.56724548,99.82589722,51.13415146,50.41819763,51.41469193,99.77710724,99.99494171,46.60586929,46.69785309,50.11317062,49.52652359,100.0018463
1450,51.43431473,99.43961334,99.99226379,97.00128174,51.87836838,51.9928627,51.41275024,52.61175537,96.93437958,51.58047104,51.58962631,52.32647705,51.72770691,96.90635681,97.55796814,99.82411194,51.13313293,50.42990875,51.40906525,99.77371216,99.98891449,46.56573868,46.66699219,50.11552048,49.52733612,99.99425507
1445,51.42152405,99.43752289,99.99185181,96.99274445,51.86923599,51.99951553,51.4389801,52.61024094,96.92281342,51.57161331,51.58352661,52.33495331,51.72267151,96.89119720000001,97.54458618,99.8236084,51.12992096,50.40890503,51.41110229,99.77828217,99.98695374,46.54922104,46.65213394,50.11145401,49.52076339999999,100.0012894
1440,51.44135284,99.4295578,99.99044037,96.98521423,51.86087418,51.98801804,51.40423584,52.60182571,96.91163635,51.56795502,51.58146667,52.32100677,51.7205658,96.88452148,97.53699493,99.82070159999999,51.12378693,50.43191147,51.40616989,99.77466583,99.99266052,46.5102005,46.63178253,50.09888839999999,49.50517273,100.0010147
1435,51.41807175,99.42008209,99.98178101,96.98697662,51.82471466,51.97332382,51.43870544,52.60644531,96.91738129,51.5592041,51.57471466,52.2894249,51.7075119,96.890625,97.54081726,99.81771851,51.11639023,50.42867661,51.40212631,99.77297974,99.99242401,46.46684647,46.59095764,50.08705902,49.49306488,99.99943542
1430,51.41561127,99.44736481,99.99145508,96.93325806,51.85843658,51.98552704,51.41595459,52.592269900000005,96.87030029,51.55318451,51.56757355,52.30125046,51.70769119,96.84275055,97.48911285,99.82318115,51.11624527,50.41575623,51.39468384,99.77464294,99.9908905,46.4474144,46.55583954,50.08869171,49.49197006,100.0014343
1425,51.42144394,99.4373703,99.98696136,96.90966034,51.854885100000004,51.99175644,51.37971497,52.58672714,96.84197998,51.55249786,51.56958771,52.30516815,51.70950317,96.81925201,97.46526337,99.8229599,51.10995865,50.39470673,51.39134979,99.77615356,99.98995209,46.40812683,46.52978134,50.08070374,49.47935867,99.99766541
1420,51.40386963,99.45478821,99.99452972,96.84807587,51.83769608,51.99727249,51.42449188,52.59674072,96.7943573,51.550144200000005,51.55801773,52.28731537,51.70333481,96.75582886,97.40475464,99.82776642,51.10974884,50.39556122,51.39325333,99.76457214,99.99596405,46.38736343,46.52030945,50.08141327,49.4827919,100.0015488
1415,51.40002441,99.4526825,99.98906708,96.85540771,51.81129456,51.94883347,51.37374496,52.57165909,96.78395081,51.53655243,51.55652237,52.24266052,51.69122314,96.75790405,97.40776825,99.82322693,51.09752274,50.40917969,51.37488174,99.77124023,99.98789978,46.34763336,46.48221588,50.06158447,49.45742416,99.98844147
1410,51.36485672,99.44606018,99.98827362,96.80183411,51.86294174,52.01538849,51.43909454,52.58713913,96.74112701,51.5294838,51.54021835,52.29618454,51.68213272,96.71154022,97.35306549,99.83039093,51.09873962,50.34174347,51.377803799999995,99.78427124,99.98856354,46.3141861,46.44886398,50.06706619,49.45905685,100.0046005
1405,51.40244293,99.44023895,99.98191833,96.73757172,51.69425583,51.82471466,51.40814972,52.53750229,96.67367554,51.54111862,51.54853058,52.12804794,51.68122101,96.64234924,97.28917694,99.82725525,51.09914017,50.54571152,51.37597275,99.78038025,99.98892975,46.28995514,46.42051697,50.06348419,49.45829391,100.00215909999999
1400,51.35782242,99.43727112,99.98296356,96.67716217,51.78473663,51.92052078,51.43576431,52.55175781,96.61743927,51.54582214,51.54838562,52.17019272,51.68309021,96.58805847,97.22956085,99.82225799999999,51.10659027,50.51750565,51.38160706,99.77941132,99.99354553,46.26923370000001,46.42243195,50.0732193,49.47039032,100.0036087
1395,51.30329132,99.43930817,99.98710632,96.61618042,51.97259903,52.06277847,51.61849976,52.55544281,96.55194092,51.54174423,51.5420723,52.34532166,51.66151428,96.51663208,97.16884613,99.82183075,51.10585785,50.32166289999999,51.39937973,99.77588654,99.98443604,46.23249054,46.39609146,50.06587601,49.45230484,99.99565125
1390,51.41864395,99.44234467,99.9923172,96.54768372,51.90596771,52.03740692,51.32338333,52.55973434,96.47896576,51.52352524,51.54873657,52.33448029,51.67956543,96.45030212,97.09720612,99.82362366,51.08170319,50.27312469,51.36544037,99.78142548,99.98715209999999,46.1727066,46.33061981,50.03841019,49.42309952,99.99859619
1385,51.45056915,99.42592621,99.97053528,96.4609375,52.0631485,52.1293335,51.27305984,52.55447006,96.39324188,51.53058243,51.55731583,52.40425491,51.68878555,96.3659668,97.01719666,99.81822968,51.08769608,50.15236282,51.36518478,99.77744293,99.99017334,46.16137695,46.32035065,50.04992676,49.43379593,99.98887634
1380,51.330070500000005,99.44310759999999,99.97912598,96.3764267,51.81963348,51.92174149,51.34015656,52.50701904,96.30134583,51.53053284,51.52456665,52.20394135,51.66783142,96.28059387,96.92481995,99.81396484,51.08596039,50.46408844,51.34330368,99.76504517,99.98008728,46.11558914,46.28072357,50.04786682,49.427715299999996,99.98140717
1375,51.30457306,99.44338989,99.98924255,96.27957916,51.77123642,51.86328888,51.3694458,52.49232483,96.21512604,51.50899124,51.50261688,52.15462875,51.6448555,96.18753815,96.83029938,99.82200623,51.06983185,50.41943741,51.33274841,99.77468109,99.98892212,46.06143951,46.23672867,50.011886600000004,49.38827896,99.99650574
1370,51.31639862,99.44248962,99.98838043,96.17130279999999,51.80558395,51.89878464,51.52151489,52.49837494,96.10744476,51.51874542,51.51976776,52.17020416,51.6412735,96.07814789,96.72640228,99.82346344,51.07505798,50.41307831,51.36573792,99.78040314,99.9876709,46.05228424,46.22195816,50.01718521,49.39812851,99.9984436
1365,51.36815262,99.43406677,99.9817276,96.06286621,51.60808563,51.80068588,51.4627037,52.48885727,96.00392914,51.5061264,51.5256958,52.02089691,51.641326899999996,95.97644043,96.62187958,99.82513428,51.06370544,50.51680756,51.355300899999996,99.77785492,99.98610687,46.00364304,46.18169785,50.006591799999995,49.38600159,99.99669647
1360,51.30615997,99.434021,99.98009491,96.00431061,51.856987,51.98606873,51.45396423,52.51141739,95.93866729999999,51.49869156,51.5046196,52.27123642,51.62818909,95.90158081,96.55165863,99.82334137,51.06230927,50.25961304,51.34636307,99.77235413,99.98154449,45.96586227,46.14311218,50.00578308,49.38010406,99.9875946
1355,51.31001282,99.43832397,99.98268127,95.98867035,51.82944489,51.96287155,51.41821671,52.49964142,95.91864014,51.49071121,51.49756622,52.20607376,51.62408829,95.884552,96.52980804,99.82668304,51.04964828,50.30693436,51.33704376,99.77827454,99.9901123,45.91949463,46.10977554,49.986347200000004,49.35253143,99.9958725
1350,51.35666656,99.4427948,99.99173737,95.93666077,51.78303528,51.90800858,51.28815842,52.48091888,95.86806488,51.4729805,51.49036789,52.18155289,51.62818527,95.83570099,96.47848511,99.82388306,51.02967072,50.33068085,51.31842041,99.77619171,99.99241638,45.8549881,46.04996872,49.94707108,49.31757736,100.00165559999999
1345,51.31005096,99.44718933,99.99136353,95.87860107,51.78749084,51.92074585,51.33163834,52.48332214,95.81241608,51.46228789999999,51.47448349,52.19368362,51.61227417,95.7798996,96.42021942,99.82740021,51.02527618,50.28194046,51.30780792,99.78033447,99.99510193,45.81150818,45.99605179,49.93468475,49.29701614,100.002739
1340,51.31315613,99.44026184,99.99145508,95.81237793,51.77202225,51.90402985,51.32320023,52.47542191,95.74871826,51.46152878,51.4742775,52.17443085,51.613449100000004,95.72021484,96.36949158,99.82350159,51.01789093,50.28734207,51.30224228,99.77519989,99.98954773,45.76490402,45.95962143,49.92061996,49.27972412,100.00424190000001
1335,51.31361389,99.43688202,99.9909668,95.737854,51.76704025,51.90119934,51.31293106,52.46805573,95.67565918,51.455020899999994,51.4655838,52.16413116,51.60590363,95.65041351,96.28455353,99.82642365,51.01197815,50.28610229,51.29712296,99.78238678,99.9942627,45.72798157,45.93287277,49.91041565,49.2713089,100.0065002
1330,51.30511093,99.44165039,99.99676514,95.65653992,51.76223373,51.89459991,51.310112,52.46012878,95.59092712,51.45171356,51.45910263,52.16132355,51.5993309,95.56629944,96.20467377,99.82727814,51.009838099999996,50.28515625,51.29275513,99.78437805,99.98952484,45.68997192,45.89791107,49.90053177,49.25851822,100.00033570000001
1325,51.29710388,99.44277954,99.99356079,95.57331848,51.75949478,51.89498138,51.30756378,52.44978714,95.51150513,51.44919205,51.45552063,52.15631104,51.59458923,95.48409271,96.11933136,99.82483673,51.00600052,50.27205276,51.28875351,99.77748108,99.99079895,45.65013504,45.85294724,49.89273071,49.24964142,100.0017548
1320,51.29721069,99.44400787,100.00070190000001,95.48719025,51.74741745,51.88550949,51.29721832,52.44136429,95.41201782,51.4433136,51.45331573,52.15296936,51.59078217,95.3866272,96.02513123,99.8289566,50.99847794,50.26402283,51.28129196,99.78488922,99.98860168,45.60994339,45.82164383,49.88311005,49.23469543,100.0012894
1315,51.29104996,99.44399261,99.9991684,95.37939453,51.74814606,51.88221741,51.295654299999995,52.43531418,95.31762695,51.43651962,51.44186783,52.14237595,51.58506775,95.28594971,95.92862701,99.81504822,50.98652649,50.25336075,51.27640915,99.77655029,99.9779129,45.55820847,45.78324127,49.86675262,49.21482086,99.99490356
1310,51.28452301,99.44639587,100.0017014,95.27562714,51.73975372,51.87415314,51.28292465,52.43120956,95.21625519,51.42070007,51.436592100000006,52.13697052,51.57496262,95.18238068,95.81858826,99.82493591,50.9835434,50.24342346,51.27013779,99.77667236,99.99384308,45.52415466,45.745121000000005,49.857921600000005,49.20776367,100.0005112
1305,51.27388763,99.44564056,99.98924255,95.22119904,51.73578262,51.86917877,51.28440094,52.42269135,95.16049957,51.41947174,51.43086243,52.13112259,51.56898499,95.1308136,95.76445770000001,99.82322693,50.98095703,50.23868179,51.26444626,99.78297424,99.99609375,45.47419739,45.69981003,49.84669113,49.18826675,100.0015259
1300,51.26863098,99.44860077,99.99182892,95.18188477,51.73092651,51.86111832,51.2757225,52.4092865,95.11985016,51.41826248,51.42576218,52.12594986,51.56433487,95.09078979,95.72512054,99.81771851,50.97696304,50.23167038,51.25868225,99.77600098,99.98508453,45.44042206,45.66878128,49.83520889,49.182724,99.99741364
1295,51.26854706,99.45014954,99.99661255,95.12597656,51.72771835,51.85969925,51.2757225,52.40660477,95.06790924,51.41054916,51.41832352,52.11713791,51.55978775,95.03990173,95.66305542,99.82699585,50.97511292,50.22909546,51.25917816,99.78882599,99.99573517,45.39213943,45.6335907,49.83200836,49.17018127,100.01348109999999
1290,51.26360703,99.44950104,99.99829865,95.07993317,51.72146988,51.85359573,51.26988983,52.39276886,95.01381683,51.40898895,51.41655731,52.11257172,51.55241013,94.99140167,95.61544037,99.82868195,50.96809387,50.22708893,51.25159073,99.7857132,99.99389648,45.35485458,45.59027863,49.82033539,49.15716171,100.00334170000001
1285,51.25690079,99.4523468,99.99687958,95.03118134,51.71252441,51.84647369,51.26166534,52.38393402,94.97167206,51.40112686,51.40783691,52.10145187,51.54621506,94.94680786,95.56735992,99.83200836,50.96034241,50.21884537,51.24619675,99.78710938,99.99614716,45.30501175,45.55260086,49.80794525,49.14360428,100.0031204
1280,51.25645447,99.45522308,100.0001068,94.9914093,51.70791626,51.8415451,51.25317001,52.37444687,94.92839813,51.39619827,51.40582275,52.09476471,51.54330826,94.90080261,95.52227020000001,99.83352661,50.9587822,50.21531677,51.24514008,99.78770447,99.99571228,45.26434708,45.513652799999996,49.80258179,49.130840299999996,100.00331120000001
1275,51.2491684,99.45002747,99.9924469,94.95649719,51.70411301,51.83764267,51.25092697,52.36861801,94.89546204,51.39595413,51.39788818,52.09010315,51.53661346,94.86568451,95.49573517,99.82419586,50.94983673,50.20282364,51.23257065,99.78115082,99.98718262,45.20824432,45.46841049,49.78355408,49.11655426,99.99563599
1270,51.24178696,99.44933319,99.9897995,94.92425537,51.69832611,51.83100891,51.24822235,52.35608292,94.85903931,51.3927803,51.39567947,52.08562088,51.53365326,94.83219147,95.45972443,99.82602692,50.94773102,50.20096207,51.23299408,99.7796402,99.99082947,45.16233444,45.42631912,49.77025223,49.09562683,100.0025482
1265,51.23942947,99.45688629,99.99137878,94.90370178,51.69284821,51.82681274,51.24020386,52.34642029,94.83659363,51.38591003,51.38778687,52.07759094,51.52476883,94.80992126,95.43592834,99.82723999,50.93710327,50.19150925,51.226043700000005,99.78297424,99.98516083,45.11418152,45.38523865,49.75806808,49.0804863,100.00151059999999
1260,51.23165131,99.45948792,100.0008926,94.87831116,51.68886948,51.81863403,51.2385025,52.33833694,94.81731415,51.37837601,51.37973022,52.06824112,51.51764297,94.78943634,95.40971375,99.82802582,50.93336105,50.18662262,51.21911621,99.78746033,99.99111938,45.06454468,45.33501053,49.74336624,49.06143188,100.0009766
1255,51.22647858,99.45492554,99.99713135,94.86536407,51.6811142,51.81439972,51.22643661,52.32690048,94.80471802,51.37114716,51.37536621,52.05653763,51.5128746,94.77579498,95.39245605,99.83300781,50.93160248,50.18048096,51.21577454,99.79007721,99.99435425,45.01234818,45.29104996,49.72199631,49.036182399999994,100.00354
1250,51.21873093,99.45812225,99.99284363,94.8548584,51.67491531,51.80596161,51.22196579,52.31471634,94.7926178,51.36501312,51.36827087,52.05368423,51.50314713,94.76486206,95.38484955,99.83026123,50.924366,50.17071533,51.20656586,99.78788757,99.99053192,44.934566499999995,45.21676254,49.67951965,48.99585724,99.99878693
1245,51.20880508,99.45691681,99.99464417,94.85466766,51.66445541,51.79644394,51.21056366,52.30048752,94.79171753,51.35958099,51.35997009,52.04053497,51.4952774,94.75994873,95.38040161,99.83563232,50.91682816,50.16009903,51.19835281,99.78221893,99.99488831,44.84827805,45.12627792,49.62661743,48.93162155,100.0019302
1240,51.20045471,99.45816040000001,99.99545288,94.85987091,51.65721129999999,51.78401566,51.20401382,52.2858963,94.80097198,51.34599304,51.34645081,52.02465057,51.48115158,94.76925659,95.38661957,99.83102417,50.90503693,50.1501503,51.18902969,99.78319549999999,99.9899292,44.74893188,45.03709793,49.55858612,48.86885834,99.99755859
1235,51.19004822,99.45966339,99.99413299999999,94.86685181,51.64656067,51.77622986,51.19409561,52.27556229,94.80690002,51.33836746,51.33949661,52.01893616,51.47526169,94.77825928,95.39308929,99.82910156,50.89824677,50.13985443,51.17878342,99.78614044,99.99246216,44.64639664,44.93855667,49.48628616,48.78606033,100.00354
1230,51.18247986,99.46255493,99.99460602,94.88651276,51.63247681,51.76279449,51.18133545,52.25803375,94.82537842,51.32826614,51.32439804,51.99845886,51.46239471,94.79881287,95.40843201,99.83388519,50.88546753,50.12844086,51.16859818,99.78888702,99.99568176,44.51858902,44.80755615,49.39031601,48.68854904,100.00038149999999
1225,51.16529465,99.46591949,99.99282837,94.9100647,51.62110901,51.75347137,51.16806029999999,52.24113464,94.85005188,51.31398392,51.31417084,51.98451233,51.44689178,94.82194519,95.43362427,99.83476257,50.87322617,50.11199188,51.15478134,99.78656769,99.99221039,44.38546753,44.6657486,49.27018738,48.56879425,100.00334170000001
1220,51.15332031,99.46286011,99.99471283,94.94216156,51.60347748,51.73432159,51.15512085,52.21960068,94.88156128,51.29428101,51.2974968,51.96424866,51.42957687,94.84950256,95.46035767,99.83486176,50.86160278,50.09705353,51.14198303,99.79396820000001,99.99653625,44.21522141,44.50908661,49.13788605,48.4296875,100.00851440000001
1215,51.12989426,99.46123505,99.98922729,94.9752121,51.58941269,51.71723938,51.12798309,52.19962692,94.91706848,51.28330994,51.27986526,51.95001984,51.41635132,94.89061737,95.49749756,99.83453369,50.84543228,50.07958221,51.12501526,99.78717804,99.99394989,44.02991486,44.30998993,48.97424698,48.25964355,100.0037994
1210,51.11692047,99.46673584,99.99754333,95.02223969,51.57001495,51.69407654,51.11789703,52.17177963,94.96247864,51.26156235,51.25814819,51.92532349,51.39221573,94.93624878,95.54035187,99.83496857,50.82452393,50.05643463,51.10624313,99.79090881,99.99503326,43.81341934,44.08594131,48.77515411,48.05911636,100.0056
1205,51.09482956,99.46399689,99.99633789,95.07631683,51.54430771,51.67393112,51.09190369,52.13964462,95.01680756,51.22995377,51.23656464,51.897995,51.36762238,94.98719788,95.59261322,99.83473206,50.79815292,50.03094101,51.08148575,99.79222107,99.99285126,43.54617691,43.81925583,48.51345444,47.79690933,100.0035858
1200,51.06674957,99.47167969,99.99902344,95.13199615,51.51373672,51.64144135,51.06272888,52.1097908,95.07260132,51.20355988,51.20600891,51.86572266,51.33863831,95.04525757,95.65101624,99.8361969,50.77128601,49.99776077,51.04987717,99.78945159999999,99.99136353,43.20860291,43.45620728,48.17169189,47.45497513,100.00215909999999
1195,50.99043274,99.46507263,99.99347687,95.37052155,51.43618011,51.56312561,50.99471283,52.0749321,95.31106567,51.1332283,51.13220978,51.81246948,51.26490784,95.27864838,95.89414978,99.83339691,50.70868683,49.95503998,50.97702789,99.78456879,99.99448395,42.77246475,42.99560547,47.73493576,46.98589325,99.99408722
1190,50.94932938,99.47128296,99.99214935,95.43126678,51.39669037,51.52364349,50.95921326,52.02587891,95.3724823,51.09283829,51.09124756,51.76350021,51.22434616,95.34158325,95.95386505,99.83768463,50.66853714,49.91481781,50.9355011,99.79199219,99.99086761,42.271491999999995,42.46549606,47.20155334,46.45489883,100.00028990000001
1185,50.88889694,99.46792603,99.9930191,95.50593567,51.332199100000004,51.45980835,50.89630508,51.95753098,95.44656372,51.02415848,51.02965927,51.69860077,51.15988159,95.41833496,96.03117371,99.83211517,50.61024475,49.84848022,50.87154388,99.78753662,99.98987579,41.5565567,41.71703339,46.43690491,45.68787766,100.00012209999998
1180,50.78273392,99.47402191,99.99897766,95.58750153,51.20962906,51.33744431,50.78026581,51.84095383,95.52841187,50.910713200000004,50.91511154,51.57444382,51.03925323,95.50206757,96.10809326,99.84109497,50.49846268,49.73777771,50.75477219,99.79203033,99.99308014,40.26464081,40.31118774,44.94218445,44.17859268,100.0042343
1175,50.38852692,99.46546936,99.98950195,95.67578888,50.78770447,50.92480087,50.37900162,51.40013123,95.61422729,50.48667908,50.50904846,51.14361191,50.62120056,95.58779907,96.19561005,99.83690643,50.09170914,49.31371689,50.33343506,99.79263306,99.9901123,35.70919418,35.48610687,39.70845795,38.93124008,100.00151059999999
1170,49.8499527,99.47419739,100.00001529999999,95.75986481,50.22481155,50.35926056,49.83821106,50.82020569,95.70137024,49.91910172,49.96272659,50.56869507,50.07168198,95.66873932,96.28157806,99.83214569,49.55060577,48.763652799999996,49.78581238,99.78905487,99.99433899,30.4022789,30.01740646,33.90623474,33.21628952,100.0019531
1165,49.32133102,99.47093964,99.99671173,95.84039307,49.67205811,49.80398941,49.30750656,50.25135422,95.78289032,49.36959457,49.42957306,50.00481415,49.52981949,95.74957275,96.35723114,99.84073639,49.01993942,48.23225784,49.24993896,99.79481506,99.99391174,26.10208893,25.627491,29.15436935,28.52438736,99.99518585
1160,48.70518112,99.46987915,99.98954773,95.91439056,49.02604675,49.15992737,48.68585205,49.58560944,95.85699463,48.71981049,48.80452347,49.35287476,48.90510559,95.8289032,96.43819427,99.83628082,48.40005493,47.59648895,48.62039185,99.79283905,99.99576569,21.78209114,21.26272011,24.34822273,23.7889843,99.99840546
1155,47.98652649,99.47312927,99.99694061,96.00749969,48.26471329,48.39812469,47.96301651,48.80107117,95.94533539,47.97071075,48.07418823,48.57794952,48.16572189,95.91912079,96.51969147,99.83788299999999,47.68045044,46.86255646,47.89094162,99.79473114,99.99534607,17.63990021,17.11307526,19.74674988,19.26544952,100.0046844
1150,47.17910004,99.47923279,99.99677277,96.08490753,47.406482700000005,47.53921127,47.14522171,47.93132782,96.02812958,47.12261963,47.25308609,47.70077896,47.33903503,95.99466705,96.5994873,99.83437347,46.86901855,46.0508461,47.0696373,99.79395294,99.99047852,13.89307117,13.39143372,15.58374214,15.18070507,99.99829865
1145,46.29694748,99.47558594,99.99417877,96.15301514,46.48345566,46.61637115,46.25605774,46.98139191,96.09817505,46.19935608,46.35937881,46.75702667,46.43840027,96.06602478,96.66572571,99.84007263,45.97854614,45.14987946,46.17014694,99.7982254,99.99440002,10.66748714,10.23390007,11.98351002,11.65876007,100.0043488
1140,45.32350159,99.48355865,99.99811554,96.2375946,45.47625732,45.60709763,45.28846741,45.9438324,96.17457581,45.19549179,45.38741302,45.76212311,45.45353317,96.14923859,96.74794006,99.83992004,45.0057373,44.14808273,45.19575119,99.79404449,99.9952774,7.970414162000001,7.606127262,8.959574699,8.706459045,100.0068436
1135,44.25789261,99.48451996,100.00402829999999,96.292099,44.35085678,44.48149872,44.223423,44.79397202,96.22641754,44.08395386,44.30825043,44.60272979999999,44.3698349,96.19689941,96.80174255,99.83416748,43.93610764,43.08113861,44.11341476,99.79502106,99.98923492,5.724916457999999,5.4347987170000005,6.4309196470000005,6.235370636,100.00109859999999
1130,43.04370117,99.48217009999999,99.99121857,96.35321808,43.08709335,43.2114296,42.99736786,43.50284195,96.28939819,42.82052994,43.08417511,43.32957458,43.13445282,96.26241302,96.86643219,99.83410645,42.71687698,41.84343719,42.88049698,99.78592682,99.98718262,3.8989095689999997,3.6830585,4.3841509819999995,4.241204262,99.99750519
1125,41.77142715,99.47629547,99.98807526,96.37657928,41.76218033,41.88747025,41.70320892,42.14559555,96.31212616,41.498027799999996,41.7923584,41.99164963,41.83545685,96.2899704,96.88266754,99.84276581,41.44248581,40.55079269,41.58869171,99.79503632,99.99111176,2.569120646,2.41993022,2.8811874389999996,2.7863938810000004,100.0044098
1120,40.41062164,99.4890213,99.99530792,96.42746735,40.34751892,40.46130753,40.35482788,40.69820023,96.37065125,40.08744049,40.41999817,40.5491066,40.45343781,96.33795166,96.93768311,99.83798981,40.07029724,39.15685272,40.21223831,99.78987885,99.98644257,1.623204708,1.5198396440000002,1.8174327609999998,1.7542799709999999,99.99681854
1115,38.91233444,99.48606109999999,99.99682617,96.45565033,38.79444504,38.90639114,38.85414505,39.11847305,96.38814545,38.54685593,38.91570282,38.97924423,38.94485855,96.36553955,96.95793915,99.84049988,38.57847214,37.65906906,38.70787811,99.79285431,99.99466705,0.9666215777,0.9014950395,1.0755441190000001,1.03781426,100.0029297
1110,37.30857849,99.48632813,99.98963165,96.46424866,37.1349144,37.24689865,37.25112915,37.42879486,96.40393829,36.89104462,37.30340958,37.29553223,37.31741333,96.36956024,96.9671402,99.83721161,36.98070526,36.03990173,37.09066391,99.80275726,99.99410248,0.5413111448,0.5046011806,0.6020212770000001,0.5747122169,100.00593570000001
1105,35.63431549,99.48570251,99.99497986,96.45444489,35.39855194,35.51143265,35.57445526,35.66363144,96.39298248,35.16387177,35.61607742,35.54510498,35.62300491,96.36444855,96.95894623,99.83919525,35.30183411,34.35145569,35.4006691,99.79186249,99.99603271,0.288066715,0.2682689428,0.3188241422,0.3068985045,99.99993896
1100,33.85366058,99.48739624,99.99150848,96.44252014,33.55902481,33.66413879,33.79000854,33.79930115,96.37683868,33.33573151,33.82811737,33.68854904,33.82224274,96.35211182,96.94194031,99.83907318,33.52679443,32.56249237,33.6072464,99.79599762,99.98979187,0.1477248669,0.1397963911,0.16210979220000002,0.15524534880000002,100.0054932
1095,31.90163422,99.48458099,99.99677277,96.41287231,31.54832649,31.6535511,31.83487701,31.75674629,96.36297607,31.33130646,31.86346054,31.65366936,31.84373093,96.32608032,96.91614532,99.83725739,31.5769558,30.59945107,31.64172173,99.79244232,99.99284363,0.07010906935,0.06754574925,0.0775340125,0.07416883856,99.99987793
1090,29.82946396,99.49731445,99.99210358,96.38012695,29.41851616,29.51853943,29.75839996,29.60001183,96.31725311,29.21045113,29.78167152,29.50841141,29.74869919,96.29152679,96.87546539,99.84479523,29.50727081,28.52265167,29.56064987,99.80496216,99.99845886,0.038521260019999996,0.03635311499,0.04011815414,0.042094241830000004,100.00769809999998
1085,27.67288017,99.49789429,99.9912262,96.33145142,27.21107292,27.30495644,27.59862518,27.36188698,96.27292633,27.01091385,27.61816406,27.28139114,27.57965851,96.24751282,96.83034515,99.83680725,27.36252785,26.37168694,27.39687347,99.79842377,99.98872375,0.02175218053,0.020615838469999998,0.02248254977,0.02387127094,99.99817657
1080,25.41305923,99.49430847,99.99377441,96.26986694,24.90226936,24.99744797,25.34232521,25.03025436,96.20490265,24.71501732,25.35417938,24.95279121,25.30214691,96.18183899,96.76302338,99.8381958,25.11387825,24.12651253,25.13079643,99.79413605,99.98787689,0.01985927671,0.021850241349999997,0.01801472902,0.01966404729,99.99449921
1075,23.07939148,99.49372101,99.99013519,96.19177246,22.52797508,22.61085701,23.00161362,22.62703133,96.13710022,22.34722519,23.00864983,22.55291557,22.94198608,96.11412048,96.68689728,99.8432312,22.78611183,21.80539894,22.7905159,99.80167389,99.99282074,0.015250016940000001,0.01740642637,0.0160820242,0.01740998961,100.0031128
1070,20.68998718,99.49883270000001,99.99412537,96.1071167,20.1044445,20.19483948,20.6165905,20.19206429,96.04658508,19.94699097,20.62000656,20.12459946,20.54895401,96.02194214,96.60383606,99.83550262,20.418058399999996,19.45024681,20.40045166,99.79467009999999,99.98226166,0.014030940830000001,0.014759915880000002,0.01890574582,0.0169159472,99.9969101
1065,18.24231339,99.50941467,99.99240875,96.01351166,17.63381004,17.71741104,18.17479324,17.70837402,95.94673157,17.48838806,18.172628399999997,17.64450455,18.08762169,95.92608643,96.48604584,99.84755707,17.99342155,17.05084229,17.96011162,99.80710602,100.0016937,0.018130637709999998,0.018708853049999998,0.014976192269999999,0.018085513259999998,100.0038605
1060,15.23943138,99.51194763,99.98862457,95.90837097,14.60017872,14.68033028,15.157534599999998,14.65761185,95.84210205,14.46883392,15.14714813,14.59193993,15.03276825,95.81810759999999,96.38578796,99.84545135,14.98057556,14.07497787,14.92042732,99.80401611,99.98757172,0.013194161470000002,0.015657303850000002,0.01573993452,0.01607460156,100.0030899
1055,11.9723196,99.50311279,99.99063873,95.77722931,11.37756348,11.44803429,11.91822243,11.40479279,95.7221756,11.25342369,11.89894676,11.35210323,11.80076313,95.69437408,96.24907684,99.84933472,11.77259541,10.95292473,11.71233559,99.81053925,100.0015488,0.01853057556,0.018215367569999998,0.018547162409999998,0.018450936299999998,100.0102386
1050,9.272844315,99.52386475,99.99637604,95.65769958,8.722686767999999,8.779100417999999,9.224664687999999,8.740264892999999,95.58965302,8.62526226,9.214747428999999,8.699273109,9.125450134,95.57038879,96.12915802,99.84420013,9.112778664,8.382102012999999,9.052805901000001,99.79221344,99.9828186,0.01579312608,0.01617602631,0.01872958802,0.01786975376,99.99674225
1045,6.924588203,99.51756287,100.00339509999999,95.52603912,6.433773041,6.486079693,6.885256767,6.449037075,95.46282959,6.360171795,6.870461464,6.412186622999999,6.798456669,95.43412018,95.98576355,99.84597778,6.799863815,6.17289114,6.743449211000001,99.80654144,99.99520111,0.01439202204,0.01765768602,0.01824816503,0.019236924130000003,100.0033493
1040,4.949519634,99.5118103,99.98995209,95.37316895,4.540884018,4.5809702869999995,4.918411732,4.54834938,95.31211090000001,4.480684757,4.912435532,4.519161701,4.851299763,95.28739166,95.8316803,99.84418488,4.860834122,4.351808548,4.812296391,99.80050659,99.99069977,0.01690678112,0.01516113803,0.01857623458,0.01624320634,100.0021667
1035,3.39891243,99.52492523,99.99720764,95.23672485,3.067129135,3.101044655,3.373774052,3.0736851689999996,95.18054962,3.029247046,3.3680238719999998,3.056377411,3.320839882,95.14377594,95.69261169,99.84366608,3.3315320010000002,2.9369938369999997,3.293735266,99.80429077,99.99533844,0.01648612693,0.01528883446,0.01810471341,0.01708155312,99.99998474
1030,2.24806881,99.53598022,99.99927521,95.08686829,1.9942929740000002,2.014811993,2.229278564,1.997724771,95.0298996,1.9697636369999998,2.228276253,1.9878771309999999,2.191756248,95.00443268,95.54139709,99.84943390000001,2.20200634,1.908365965,2.171910286,99.809021,99.98647308,0.01754260808,0.017870442939999998,0.014746174219999998,0.01731857844,100.0027313
1025,1.4299561980000002,99.52352905,99.9930191,94.94498444,1.243200064,1.259809494,1.4168846609999999,1.248197079,94.87856293,1.23111856,1.41744709,1.239931464,1.391494513,94.85636902,95.38729858,99.85333252,1.402957201,1.192445397,1.383412123,99.81173706,99.99055481,0.01339923497,0.01635674573,0.016130777080000002,0.02031204291,99.99807739
1020,0.8788153529,99.54066467,99.99308777,94.80157471,0.7489975095,0.7606514692,0.8650553226000001,0.7543962002,94.74321747,0.742102921,0.8688512444,0.7462154626999999,0.8565114737,94.71562195,95.24181366,99.85112762,0.8626067042,0.7188086509999999,0.8479343653,99.81099701,99.99090576,0.015252076090000002,0.017443642019999997,0.01920240745,0.01646198146,99.99724579
1015,0.5163715482,99.53900146,99.99031067,94.66150665,0.4333897531,0.4419399798,0.5167931318,0.4369133115,94.59972382,0.43101891880000004,0.5134903193,0.4342044294,0.5058786273,94.57440948,95.10049438,99.84812927,0.5125140548,0.41757658119999996,0.49884817,99.80640411,99.98592377,0.01626312919,0.01884877495,0.01573790237,0.014043881559999999,99.9967041
1010,0.2948409915,99.54682922,99.9885025,94.54044342,0.24210695920000003,0.2478494346,0.2942721546,0.2414448857,94.48336029,0.2390885651,0.2966933846,0.2449144572,0.2894957364,94.45859528,94.97497559,99.85093689,0.2945823967,0.24025656280000002,0.29187440870000003,99.81507874,99.99142456,0.01721824147,0.01758199744,0.01913919486,0.017010608689999998,100.0019684
1005,0.1641161442,99.54953003,99.99727631,94.43491364,0.1321025342,0.1329550594,0.1651652902,0.1347415894,94.37646484,0.1310720891,0.1644374281,0.1344913542,0.1606387198,94.35029602,94.85894012,99.85244751,0.1677045673,0.1354393959,0.1656413674,99.81320190000001,99.98358917,0.01959372871,0.016262197869999998,0.015794828530000003,0.01665554196,99.99876404
1000,0.08628816902999999,99.56124115,99.99525452,94.34169006,0.07247089595,0.07169553638,0.08809103072,0.07238911092,94.27766418,0.07222490758,0.08886224030999999,0.07488958538,0.09051642567,94.25458527,94.7587204,99.85464478,0.09526149929,0.07306389511,0.09381017089,99.81754303,99.99387359999999,0.018855866040000002,0.018752530219999997,0.0177442804,0.02079164609,100.0002365
