wavelength,Baseline 100%T,empty_1,empty_2_1,empty_2_2,empty_2_3,empty_2_4,empty_2_5,empty_2_6,empty_2_7,empty_2_8,empty_2_9,empty_2_10,empty_2_11,empty_2_12,empty_2_13,empty_2_14,empty_2_15,empty_3_1,empty_3_2,empty_3_3,empty_3_4,empty_3_5,VG05_1_1,VG05_1_2,VG05_1_3,VG05_1_4,VG05_1_5,Baseline 100%T.1,empty_4_1,empty_4_2,VG09-12_1_0,VG09-12_1_2,VG09-12_1_4,VG09-12_1_6,VG09-12_1_8,VG09-12_1_10,VG09-12_1_12,VG09-12_1_14,VG09-12_1_16,VG09-12_1_18,VG09-12_1_20,VG09-12_1_22,VG09-12_1_24,VG09-12_1_26,VG09-12_1_28,VG09-12_1_30,VG09-12_1_32,VG09-12_1_34,VG09-12_1_36,VG09-12_1_38,VG09-12_1_40,VG09-12_1_42,VG09-12_1_44,VG09-12_1_46,VG09-12_1_48,VG09-12_1_50,empty_5_1,empty_5_2,empty_5_3,empty_5_4,empty_5_5
1775,0.05489972591,0.9967381287000001,0.9947875976999999,0.9929995728000001,0.9924274445000001,0.9927274323,0.9925663757,0.9931777191000001,0.9935417175000001,0.9936986541999999,0.9936951447,0.9942732239000001,0.9943821716,0.9949134064,0.9951919556,0.9971820067999999,0.9960887146,1.000316849,1.0006457519999998,1.000757065,1.001592255,1.001691208,0.5319662094000001,0.5323624039,0.5328033447,0.5328952789,0.5330781174,0.055321230889999996,1.000381851,1.001054306,1.001492844,0.874571228,0.5202879333,0.5139870453000001,0.520696106,0.5226580048,0.5267498398,0.5264971924,0.5716373444,0.5353144836,0.5350645828,0.5349811172,0.5346199416999999,0.5350574112,0.5357450867,0.5360091782,0.5365864563,0.5366806411999999,0.5370110703000001,0.5374813079999999,0.5172718048,0.49191291810000004,1.005397568,1.008597412,1.009793777,1.0103916929999999,1.0112412259999999,1.011372833,1.011569138,1.0115673829999998,1.011826172
1765,0.056586904529999996,0.9966976929000001,0.9949494934,0.9930285644999999,0.9923229980000001,0.9925401306,0.9923915863,0.9931005096,0.9932525635,0.9935901642,0.9939161682,0.9941381836,0.9942215729,0.9948795319,0.9950687408000001,0.9971460724000001,0.9961698151,1.000276108,1.000489197,1.000754089,1.001109238,1.001377716,0.5320754242,0.532165184,0.5324655914,0.5325747299,0.5328475952,0.05700670719,1.000620575,1.001227646,1.001282959,0.8750523376,0.5195458984,0.5140073395,0.5206223297,0.522183342,0.5265705109000001,0.5259144974000001,0.5716123581,0.5353261948,0.5349396895999999,0.5347682953,0.5344239426,0.5352122116,0.5360673141,0.5358562469,0.5364519882,0.5365784073,0.5370317078,0.5375138474,0.5173880385999999,0.4913514709,1.0052733609999998,1.008587952,1.010112381,1.010448074,1.011166229,1.0113002009999998,1.0118516540000002,1.0117223359999998,1.012027512
1755,0.05852805138,0.9966156769,0.9947814178000001,0.9938562774999999,0.9921146393,0.9924312592,0.9925779724,0.9930814362,0.9933247375,0.9934454346,0.9939440918,0.9940412902999999,0.9943684387,0.9947412872,0.9951845550999999,0.9957660675,0.9961200714,1.000048676,1.000573883,1.0008386230000001,1.001166077,1.001464691,0.5318981934,0.5321147919,0.5322142792,0.532562027,0.5328658295,0.05896615982,1.000625992,1.0010926820000001,1.001497498,0.8753372192000001,0.5188470459,0.5138312149,0.52008255,0.5218647766,0.5262163925,0.5255088806,0.5716031265,0.5353144836,0.5349779129000001,0.5349778366,0.5342477036,0.5350966643999999,0.5358354568,0.5356141281,0.5361861038,0.5362865448,0.5368132782,0.5371274948,0.5171229172,0.4915486145,1.0056268309999998,1.008867874,1.0099834440000002,1.010426254,1.0111054990000001,1.011549683,1.011773911,1.011923294,1.011948853
1745,0.06037975311,0.9965521240000002,0.9946992493000001,0.9937982178,0.9921800232,0.992514801,0.9923728943000001,0.9927592468,0.9931482697,0.9934426116999999,0.9939753723,0.9941082764,0.9942001343,0.9947739409999999,0.9949948120000001,0.9955848693999999,0.99615242,0.9999328613,1.000621643,1.000972519,1.001229782,1.001656265,0.5318295288,0.5320724869,0.5322854614,0.5325057602,0.5328699493,0.06083665848,1.000456085,1.000732574,1.0011194609999998,0.875348587,0.5185038376,0.5132291794,0.5194245529,0.5212102509000001,0.5263312912,0.5253570557,0.5714206696,0.5349566269,0.5347128677,0.5346173096,0.5339165878,0.5347845459,0.5355789566,0.535678978,0.5363518523999999,0.5360307693,0.5364973068,0.5371376419,0.5169025039999999,0.4910585785,1.005181808,1.008797531,1.010064697,1.01009819,1.011155472,1.011323776,1.0115864559999999,1.0118050379999999,1.011863022
1735,0.06230379105,0.9967716217,0.9949613190000001,0.9934646605999999,0.9924494934000001,0.9925378417999999,0.9924287415,0.9930178833,0.9931224059999999,0.9935760498,0.994021759,0.9941336823,0.9945954895,0.9948126221,0.9952595519999999,0.9959021759,0.9963116455,1.000245819,1.000611877,1.0008307650000001,1.0012973790000002,1.0020660399999999,0.5318853378,0.5320846558,0.5324174881,0.5324863052,0.5327219391,0.06277964115,1.000677338,1.001025467,1.0013751979999999,0.8755799865999999,0.5186854172,0.5131985473999999,0.518751564,0.5206949614999999,0.5264365005,0.5252022552,0.5711699295,0.5347755051,0.5346999359,0.5346971893,0.5340203476,0.5347122574000001,0.5352865601,0.5359025574,0.5359445953,0.5363089371,0.5367092514,0.5369898605,0.5167548752,0.49141780850000005,1.005340195,1.0088554379999999,1.010011673,1.010300751,1.011332245,1.011411209,1.011607208,1.011825714,1.011643295
1725,0.06429243088,0.9964595032,0.9945701599,0.9932363891999999,0.9920453644,0.9921127319,0.9920531464,0.9927626037999999,0.9931339264000001,0.9933604431,0.9937052155,0.9938868713,0.9942774200000001,0.9946337891,0.9949499512,0.9954753876,0.9959285736,1.000110168,1.000530243,1.000824814,1.001326218,1.001766434,0.5317353058,0.531989975,0.5319912338,0.5322268677,0.5326613617,0.06477949142,1.000417328,,1.001080475,0.8754232025,0.5194212723,0.511920166,0.5178873062,0.5198935318,0.5260187912,0.5248059464,0.570925293,0.5347769928,0.5342692184,0.5342373276,0.5340445709,0.5345589447,0.5352616119,0.5351199341,0.5354747008999999,0.5359637833,0.5362372589000001,0.5368423461999999,0.5163465881,0.4914135742,1.0051284790000001,1.00860939,1.009881134,1.0102696230000001,1.0112325290000002,1.011218567,1.011590118,1.01171196,1.011804352
1715,0.06631819248,0.9965631104,0.9945661163,0.993558197,0.9921356201,0.9918323517000001,0.9922232056,0.9928635405999999,0.9931930542,0.9933055115,0.9935546112,0.9939260864,0.994294281,0.9946784973,0.9949767303,0.9956434631000001,0.9962033844,1.000407791,1.000552444,1.000931396,1.001320572,1.0018018340000001,0.5314806747,0.5317664337,0.5321155167,0.5323474503,0.5324880981,0.06681864738,1.0006271359999999,,1.001177444,0.8758940887,0.5190024948,0.5111983871,0.5164431763,0.5191155243,0.5253868866,0.5247319412,0.571002121,0.5346437836,0.5343619537,0.5343325806,0.5337567902,0.5343400192,0.5351933289,0.5354297256,0.5355442047,0.5360186004999999,0.5363153839,0.5366237259,0.5162692261,0.49128963470000003,1.005251312,1.008505707,1.0099258420000001,1.010091171,1.0111991120000001,1.011407013,1.01162323,1.011845245,1.0117654420000002
1705,0.0684224987,0.9964225768999999,0.9944303894,0.9931211853,0.9919053649999999,0.9918095398,0.9921301269999999,0.9925538635,0.9929358673,0.9929817963,0.9933998108000001,0.9937629699999999,0.9942574309999999,0.9945031738,0.9950115204,0.9954627227999999,0.9958422089,1.0001331329999998,1.000387802,1.000716476,1.0011342619999999,1.0015940859999999,0.5313685608000001,0.5315530396,0.5319132233,0.5321225357,0.5324624252,0.06893417358,1.0005423740000001,,1.0012490840000001,0.8756743622000001,0.5177212905999999,0.5116351318,0.517005806,0.5191843414,0.5250704956,0.5247529602000001,0.5708101273,0.5346178436,0.5339662933,0.534001236,0.5336336517,0.5343480682,0.5350093842,0.5354600525,0.5354994583,0.535618248,0.5361866379,0.5365082169000001,0.5159903717000001,0.4912699127,1.005058975,1.008404617,1.0097543329999998,1.0101816559999999,1.01088295,1.0111346440000002,1.011348724,1.011608963,1.011631012
1695,0.07055514336,0.9964426422,0.9945063019,0.9927822876000001,0.9918399048000001,0.9916782379,0.9920952606,0.9924675750999999,0.9930348969,0.9929909514999999,0.9933945464999999,0.9937263489,0.9940414429000001,0.9944508362000001,0.9949521637,0.9955117035000001,0.9959117126,0.9999598693999999,1.000317078,1.000562286,1.0008949280000001,1.001693954,0.5314652252,0.5314553833,0.5316843414,0.5319623947000001,0.5321992493,0.07107063292999999,1.000544662,,1.0012378690000001,0.8757871246000001,0.5182738875999999,0.5107123184,0.5156972504,0.5182125092,0.524875946,0.5246076584,0.5704756546,0.5343812561,0.5340058136,0.5340769196,0.5333570099,0.5342556381,0.5348262787,0.5352124405,0.5352127074999999,0.5355208588,0.5360550307999999,0.5364375686999999,0.5157839203000001,0.4910369492,1.005183792,1.008355713,1.010087585,1.0101148990000002,1.0110031130000001,1.011087646,1.01135788,1.011516724,1.011615372
1685,0.07275558949,0.9964518738,0.9948742676000001,0.9924540709999999,0.9920409393,0.9917006682999999,0.9920091248,0.9926364136,0.9929550171,0.9931456756999999,0.9935137939,0.9937874603,0.9941951752,0.9943965912,0.9948683167,0.9954349518,0.9960514068999999,0.9999219513,1.000414505,1.000674515,1.0010706329999999,1.001910553,0.5313125229,0.5314651871,0.5318249893,0.5319222641,0.5320743179,0.07329968929,1.00041214,,1.00101265,0.8755636597,0.5173727798000001,0.5107538223,0.5157567215000001,0.5183261108,0.5244870758,0.5243783569,0.5702868652,0.5341672134000001,0.5339336395000001,0.5335857773,0.5333026123,0.5338793564000001,0.5344405746,0.5345008469,0.5350682068,0.5354166030999999,0.5356852341,0.536061821,0.5153989792,0.4910587692,1.005087891,1.008161697,1.009895172,1.0098563390000002,1.0107318120000002,1.011001129,1.0112033079999998,1.011401215,1.011570435
1675,0.07502149105,0.9962096404999999,0.9942705535999999,0.992104187,0.9915503693,0.991447525,0.9916883086999999,0.9924536132999999,0.9927075195,0.9927810669,0.9932053375,0.9936523438,0.9939910126,0.9940951538,0.9947077942,0.9951981354,0.9954792786,0.9997190094,1.000141983,1.0004306029999999,1.0008322139999999,1.001573334,0.5309717178,0.5311791992,0.5313664627,0.5317668915,0.5317856216,0.07556045055,1.000362549,,1.0011340329999998,0.8758534241,0.5172951889,0.5097339249,0.5151804733,0.5182978439,0.5238715363,0.5244067764,0.5702132034,0.5341862869,0.5337340927,0.5337728882,0.5329410934,0.5339508057,0.5342445374,0.5347853851,0.535148735,0.5352072144000001,0.5356270598999999,0.5360517502,0.5151102448,0.49116645810000004,1.0050461579999999,1.007984772,1.0097626499999999,1.009836655,1.010593262,1.01096199,1.011098175,1.0113856509999999,1.0115102390000001
1665,0.07730372906,0.9962314606,0.9942669678,0.9918068695,0.9916333007999999,0.9914832306,0.9918878937,0.9922887421,0.9927355957,0.9926699066000001,0.9930207824999999,0.993588562,0.9937461853,0.9941580963,0.9945762634,0.9951699829,0.9955369568000001,0.9997766876,0.9999107361,1.000416641,1.000753632,1.001418686,0.5307998657,0.5310150527999999,0.5311550522,0.5316027451,0.5318749618999999,0.07784198283999999,1.0005129240000001,,1.0011505129999998,0.875851593,0.5171131515999999,0.5094434738,0.5143291855,0.5176638794,0.5235124969,0.5241713715,0.5701862717,0.5337952423,0.5337916564999999,0.5335804748999999,0.5330263518999999,0.5337781143,0.5339925766,0.5345686722,0.5349136734,0.535138855,0.5355146408,0.5359578705,0.5150894547,0.49121315000000004,1.004803772,1.0081353,1.009986267,1.010035172,1.010658951,1.0109213259999998,1.011245117,1.011350021,1.011605377
1655,0.07968396664,0.996312561,0.9943701935,0.9921208953999999,0.991561203,0.9915151215,0.9919252776999999,0.9924127197,0.9928714752000001,0.9930187988,0.9932095337,0.9936045837,0.9937484741,0.9942429352000001,0.9947731018,0.9951832581,0.9955062866,0.9997941589,0.999876709,1.000366364,1.000819702,1.0012085720000001,0.5307370377,0.5309471511999999,0.5310040283,0.5313916779,0.5318240356,0.08023984909,1.0004396059999998,,1.0012982940000001,0.8759509276999999,0.5167592239,0.5092515182,0.5138068771,0.5173443604,0.5231382751,0.5238714218,0.5700029755,0.53399189,0.5335559845,0.5336266708,0.5328801727,0.5335826874,0.5340531921,0.5343309784,0.5347380066,0.5351484299,0.5354188156,0.5357945633,0.5149576187,0.4914058304,1.004775314,1.008213501,1.0098249049999999,1.009899597,1.010727615,1.0110170749999998,1.0113046259999998,1.011551056,1.011539307
1645,0.08206851959,0.9961370087,0.9942099762,0.9923535918999999,0.9915792084,0.9913986968999999,0.9919669342,0.9923596191,0.9927954864999999,0.9927893066,0.9930054474000001,0.9937269592,0.993650589,0.9942132568,0.994529953,0.9949861145,0.9954714966,0.9996490479000001,0.9999256897,1.000377502,1.0008174129999998,1.001235962,0.5305870818999999,0.5308905792,0.5310585022000001,0.5312707901,0.5315666199,0.08264194489,1.000543213,,1.001240463,0.8759063721,0.5163779831,0.5089163971,0.5134038925,0.5172648621,0.5227213669,0.523600235,0.5697839355,0.5336616516,0.5332334517999999,0.5333441544,0.5327894211,0.5333950043,0.5338079834,0.5342522430000001,0.5345705795,0.5348479079999999,0.5351358032,0.5356952667,0.5147107697,0.4915486526,1.0048807530000001,1.008172836,1.009879456,1.009953613,1.0107767490000001,1.010866318,1.01108345,1.0112947079999999,1.0114317320000001
1635,0.08448400497,0.9961808014,0.9940501404,0.9917927551,0.9916790770999999,0.9914900208,0.9919562531,0.9924109649999999,0.9928627777,0.9928849792,0.9932059479,0.9936408233999999,0.9937055206,0.9941621399,0.9945617676,0.9950988769999999,0.9953901672000001,0.9995680237000001,0.9997299957,1.000326309,1.000670166,1.0010562900000002,0.5304896927,0.5306756592,0.5307847214,0.5310619354,0.5313004303000001,0.08506462097,1.000446091,,1.001163712,0.8758432007,0.5159109879,0.5083938217,0.5130404282,0.5171297073000001,0.5222578049,0.5233603286999999,0.5697305679,0.5336754989999999,0.5332972336,0.5332682037,0.532517128,0.5332443619,0.5339929581,0.5342063904,0.5345674896,0.5347498703,0.5350071716,0.5355088806,0.514307785,0.4915253067,1.004738541,1.008082886,1.009565735,1.0099023440000001,1.010800934,1.0108926390000001,1.011155624,1.011266251,1.0115058140000002
1625,0.08693713188,0.9960092163,0.9939383698,0.9916687012,0.9915830231,0.9912175751,0.9916086578,0.9922664642,0.99256073,0.9926795959,0.9930483246,0.9933521271,0.9935006714,0.9939601134999999,0.9945178986000001,0.9949313354,0.9953382111000001,0.9994227600000001,0.9997990417,0.9999927520999999,1.000662537,1.000873108,0.5301968002,0.5304105759,0.5306577682,0.5308901596,0.5311675644,0.08752092361000001,1.0003676609999999,,1.001052475,0.8758392334,0.5155206299,0.5079576492000001,0.512548027,0.5168721771,0.5219445038,0.5230009079,0.5694492339999999,0.5334886169,0.5329844284,0.5331298828,0.5323965453999999,0.5331070327999999,0.5337108231,0.5340619659,0.5342753601,0.5345542526,0.5348558426000001,0.5352920151,0.5140808868,0.4916112518,1.004807129,1.008113022,1.009375229,1.0097219090000003,1.01047493,1.010739899,1.011209488,1.011215439,1.01137207
1615,0.08941196442,0.9961486816,0.9939280701,0.9915409851,0.9915563964999999,0.991292572,0.9918042755,0.9921833038,0.9924565887,0.9925956725999999,0.9931730652,0.9932852936000001,0.9935409545999999,0.9939257049999999,0.9945121002,0.9948952484,0.9953999329,0.9994156647,0.9997021483999999,1.000042572,1.00057663,1.001016617,0.5300193405,0.5304070663,0.5305714417,0.5307369995,0.5308976745999999,0.09001657486,1.0005075840000002,,1.001059036,0.8757793427,0.5152378845,0.5074440384,0.5120288849,0.5167525481999999,0.5215952301,0.5225876999,0.5694787979,0.533427887,0.5329012299,0.5329983139,0.5321701813,0.5329996872,0.5336552811,0.5339919281000001,0.5342376328,0.5344007492,0.5347943115,0.5352008438,0.513914032,0.4913495636,1.00456955,1.0080397030000001,1.0095219420000001,1.009772034,1.010668411,1.010763397,1.0110504909999998,1.0111327359999998,1.0113510129999999
1605,0.09192279816000001,0.9963214111,0.9939498901,0.9914556122,0.9916226196,0.9912699127000001,0.9916548157,0.9923104858,0.9925721741,0.9925878143,0.9930898285,0.9932256317,0.9934996033,0.9940481567,0.9944057465,0.9949713898,0.9953549194,0.9994128418,0.9997459412,1.0000958249999998,1.000643463,1.0008010859999998,0.5299851990000001,0.5302106857,0.530452919,0.5306937027,0.530920372,0.09253551482999998,1.000524673,,1.001217346,0.8758174133,0.5149367905,0.5070873642,0.5116780853,0.5167792892,0.5213873291,0.5222151184,0.5692798615,0.5333271026999999,0.5328074646000001,0.5329369736,0.5320546722,0.5329598618,0.5336653136999999,0.5338677216,0.5341199493,0.5342004776,0.5346715546,0.5350294113,0.5138283538999999,0.49132789610000005,1.0046509549999998,1.00819603,1.009485931,1.009932632,1.010650482,1.0108646390000002,1.011274567,1.011231308,1.011528473
1595,0.09448935509,0.9960102081,0.9938401030999999,0.9911276245,0.9914756775,0.9910605621,0.9915210724000001,0.9919719696,0.9923898314999999,0.9926531219,0.992986145,0.9931224823,0.9933330536,0.9938848114,0.9944034576,0.9948245239000001,0.9952670288000001,0.9991736603,0.9995518494,1.000059738,1.000366898,1.000693665,0.5299004745,0.5300992584,0.5301977539,0.5305235291,0.5307018661,0.09511091232,1.00041748,,1.001156006,0.8759668732,0.5144097137,0.5068966675,0.5112963867,0.516811142,0.5212346268,0.5218254471,0.5689036179,0.5333552933,0.5329087448,0.5330818176,0.5322675705000001,0.532990036,0.5335354233,0.5339567184,0.5343566132,0.5344911194,0.5348268127,0.5352788544,0.5135016632,0.4914347839,1.004547729,1.008257141,1.009565201,1.009771805,1.010619507,1.010779495,1.011020279,1.011219864,1.011387558
1585,0.09708450317,0.9960427094000001,0.9936931609999999,0.9910527802,0.9912308502,0.9911611175999999,0.9913226317999999,0.9919845581,0.9923648071,0.9924444579999999,0.9930018615999999,0.9930091858,0.9932880402,0.9939214325000001,0.9943321991,0.9946121216,0.9951995087000001,0.9992687225,0.9996600342,0.9999058533,1.0001953890000002,1.00056366,0.5298110199,0.5300169754,0.5302817917,0.5304753876,0.5307379913,0.09771634102,1.000280533,,1.001104813,0.8760964203,0.514114151,0.5061818314,0.5107898712,0.5170870972,0.5210064697,0.5217692184,0.5685447311,0.5332762527,0.5327960968,0.5329874039,0.532001152,0.5329724503,0.5335783386,0.5338807677999999,0.5342373276,0.5343206406000001,0.5347196579,0.5351281738,0.5133112717,0.49139358520000004,1.004589996,1.008210297,1.009362793,1.009797821,1.0106649779999999,1.010860825,1.01110672,1.011204147,1.011426773
1575,0.09970747948,0.9959251404,0.9937301636,0.991155777,0.9911071013999999,0.9909957885999999,0.9914163971000001,0.9918827057,0.9923606873,0.9924363708,0.9928616333,0.9930226135,0.9931983185,0.9937100983,0.9941909027,0.9946141815,0.9951365662,0.999132843,0.9995977783,0.9997422790999999,1.000196915,1.0006036379999999,0.5297350311,0.5299272537,0.5302471542,0.53047966,0.530680542,0.10036138530000001,1.00030304,,1.0008897399999999,0.8759439086999999,0.5137665176,0.5056885529,0.5103831863,0.5168843079,0.5209238052,0.5215513611,0.5678585815,0.5330635834,0.53254879,0.5327968597,0.5318211746,0.5326515579,0.5334444809,0.5335566329999999,0.5340919495,0.5340457535,0.5343702316000001,0.5349501419,0.513049202,0.491267662,1.004515305,1.008117523,1.009298172,1.00970314,1.010407104,1.010643616,1.0108890529999999,1.0110539250000001,1.011700363
1565,0.10238560680000001,0.9959509276999999,0.9935681152,0.9910891723999999,0.9911811829,0.9909701538,0.991431427,0.9918859863,0.9922244263000001,0.99227005,0.9927949524,0.9928766632,0.9931990050999999,0.9937819672,0.9941036986999999,0.9945812225,0.9950827789000001,0.9990213013,0.9995440674,0.9996556091,1.000051346,1.000388184,0.5295946503,0.5297254944,0.529905014,0.5301103591999999,0.5304462814,0.1030400467,1.000347977,,1.00103035,0.8760202789,0.5134169388000001,0.5051490021,0.5099801253999999,0.5169224167,0.5208334351,0.5211376572,0.5674406433,0.5328561783,0.5323744965,0.5325108337000001,0.53158535,0.5325813293,0.5330705643,0.5333368682999999,0.5336449814,0.5339609909,0.5342725372,0.5347054672,0.5129389191,0.49139099119999996,1.004563904,1.008240967,1.0092923740000002,1.009671097,1.0106637569999999,1.010647736,1.011024475,1.011134491,1.011475677
1555,0.1050679207,0.9958872223,0.9933965302,0.9909208679,0.9908016205,0.9908655548,0.9912538909999999,0.991856308,0.9920700073000001,0.9921543121,0.9928065491,0.9928730011,0.9931523895,0.9936275482000001,0.9941674041999999,0.9947559357,0.995047226,0.9991864013999999,0.9996329498000001,0.9997402191,1.000008545,1.000380249,0.5293838882,0.5295870209,0.5298372650000001,0.5301896286000001,0.5301596069,0.1057299042,1.000381699,,1.00109375,0.8759445190000001,0.5129109573,0.504876442,0.5096339417,0.5167396164,0.5209085846,0.5209168625,0.5670830154000001,0.5326609802,0.5322823334,0.5325623703,0.5314357758,0.5323154831,0.5329572678000001,0.5333238982999999,0.5335067368,0.5337711716,0.534279747,0.5345686722,0.5127022171,0.4915076828,1.0045609279999999,1.008352661,1.009406815,1.009880447,1.01064476,1.010709076,1.0110594179999999,1.0111975859999998,1.01167366
1545,0.1077932835,0.9957535553,0.9932595825,0.9909276581,0.9907697296000001,0.9907581329,0.9913467407000001,0.9917177582,0.9920936584000001,0.992240448,0.9926467896,0.9928358459000001,0.9932545471,0.9936743927,0.9939410399999999,0.9947963715,0.9948720551,0.9992725372,0.9993260956000001,0.9997344971,1.000026245,1.000337982,0.5293003464,0.5295440674,0.5297110748,0.5299475861,0.5301004028,0.1084628582,1.0004510500000001,,1.0010633850000001,0.8759156799,0.5124133682,0.504696846,0.5093576813,0.5164096832,0.5208899307,0.5208973312,0.5669914627,0.5326286697,0.532305603,0.5322981644,0.5312511444,0.5324420929,0.5328225327,0.5331587219,0.5332569504,0.5336874008,0.5341603851,0.5344884490999999,0.5124472427,0.49138679499999993,1.004652405,1.008139877,1.009373093,1.009818802,1.010694962,1.0108180240000002,1.0110807800000001,1.0112861629999998,1.0116938020000001
1535,0.1105467129,0.9958538054999999,0.9931416321000001,0.9908854675000001,0.990668869,0.9908081055,0.991145401,0.9916173553000001,0.99195961,0.9920252227999999,0.9924993896,0.9927416992000001,0.9930598449999999,0.9935276031,0.9940654755,0.9945886993,0.9948077393,0.9991372681,0.9991731262000001,0.9994003295999999,0.9999771117999999,1.000679703,0.5290461349000001,0.5293444824,0.5295200348,0.5298356247,0.529874382,0.1112152767,1.0005957790000002,,1.001169815,0.8763858032,0.5122547150000001,0.5038703537,0.5091275406,0.5166130066,0.5206705475,0.5207606506,0.5666262054,0.5325039672999999,0.5321290588,0.5321080016999999,0.5312569809,0.532165451,0.5327155685,0.5329813385,0.5331381607,0.53348629,0.5340781403,0.5343664932,0.5121687698,0.4913679123,1.004536591,1.0080766300000001,1.009458542,1.009803314,1.010693283,1.011036301,1.0112046049999999,1.011299133,1.0116721340000001
1525,0.1133186913,0.9957021331999999,0.9928339386,0.990971756,0.9905165100000001,0.9906546783,0.9910585021999999,0.9914839172000001,0.991892395,0.9918819427,0.9923646545,0.9926091003,0.9928465271,0.9932563019,0.9937773894999999,0.9944702911000001,0.9946411132999999,0.9990169525,0.9990493774,0.9993870544000001,0.9997955322,1.0000898740000002,0.5288826752,0.5291643143,0.5295119476,0.5295251083,0.5298133087,0.1140064716,1.000477295,,1.00102211,0.875838623,0.5114215469,0.5036373901000001,0.5085974503,0.5159622955,0.5206193161,0.5205806351,0.5663531494,0.5322710419,0.5318395615,0.5318101501,0.5307837677,0.5319750977000001,0.53255867,0.5327467346,0.5331602859,0.5333750153,0.533794632,0.5340943909,0.5118864822,0.49112651820000003,1.004379654,1.007908936,1.009120026,1.009515533,1.010427856,1.010671158,1.01081131,1.0109814449999999,1.01129509
1515,0.11609283449999999,0.9958982086,0.9928312683,0.9909178925000001,0.9907241820999999,0.9907248688,0.9911061096,0.9914868164,0.9918817138999999,0.9919643402,0.9924819183,0.9925640106,0.9930427551,0.9933200836,0.9938131713999999,0.9942324066,0.994608078,0.9990265655999999,0.9991378021,0.9994116210999999,0.9996924590999999,1.000080948,0.5287665558,0.5289286423,0.5291817856000001,0.5293813324,0.5297472,0.11677681919999999,1.000456085,,1.001130219,0.8762596893,0.5109306717,0.5032912064,0.5085583496,0.5162507248,0.5204729462000001,0.5204197693,0.5661815262,0.5321942139,0.5317785645,0.5318195724,0.5308007431,0.531872406,0.5324028015,0.5326994705,0.5328546906,0.5332924652,0.5336814117,0.5339846039,0.5116770935,0.490959053,1.004507217,1.008056412,1.0093319699999999,1.009697189,1.010610123,1.0107640079999998,1.010894165,1.011088943,1.0112709050000002
1505,0.1188445568,0.9958959197999999,0.9925282287999999,0.990800705,0.9906835175,0.9906180573000001,0.9911563873,0.9916294861,0.9918995667,0.9919410705999999,0.9923763275,0.9925211333999999,0.9929805756000001,0.9932290649,0.9938490295,0.9942434692000001,0.9945674133,0.998912735,0.9989493561,0.9993344879,0.9997116088999999,0.9999720001,0.5284634780999999,0.5287956618999999,0.5291379166,0.5292914581,0.5294274139,0.11955693240000001,1.000388489,,1.001050262,0.8761497498,0.5105496216000001,0.5024401093,0.5081978989,0.5158377457000001,0.5200787735,0.5200105286,0.5657052231,0.5319454192999999,0.5315564346,0.5314229202,0.5305373001,0.5316432571,0.5322509003,0.5325048447,0.5326975632,0.5329715729,0.5334500503999999,0.5337162781,0.5112677765,0.4909059525,1.004281769,1.007884827,1.0091308589999999,1.009456177,1.0102497099999999,1.010686264,1.01068306,1.010872574,1.011090775
1495,0.12147239689999999,0.9957437134,0.9923383331,0.9905793762,0.9905502319,0.9904378509999999,0.9909965515,0.9914748382999999,0.9918151855,0.9919293213,0.9923526764,0.9924276733,0.9927985382,0.9931503295999999,0.9936630248999999,0.9941098022,0.9943753814999999,0.9985769653,0.9985894012,0.9991947174000001,0.9994589996000001,0.9999252319,0.5283325958,0.5285571289,0.5288119888,0.5291088104,0.5292041397,0.1221556664,1.000514755,,1.001013412,0.8762544250000001,0.5099588013,0.5020230484,0.5080587769,0.5154880905,0.519686203,0.5198828125,0.5653617859,0.5319430160999999,0.5314545441,0.5314427567,0.5303671265,0.5314048386,0.5322198868,0.5322172546,0.5326290894,0.5329662704,0.5332977676,0.5335836411,0.5111035156,0.4907601929,1.004263382,1.007835007,1.0090874479999998,1.0095858759999998,1.0104444890000002,1.0105297850000001,1.010721893,1.01100769,1.0110581969999999
1485,0.1238554001,0.9957080078,0.992124939,0.99039505,0.9903213501,0.9903729248,0.9907689666999999,0.9911715698000001,0.9916611481,0.9915304564999999,0.9918219757,0.9921199799,0.9924982452000001,0.992766037,0.9934187317,0.9938595581,0.9939876556,0.9981575012,0.997993927,0.9985531616,0.9988752746999999,0.9993020629999999,0.5278962708,0.5281958008000001,0.5284100342,0.5287191391,0.5287513733,0.1244794846,1.000562057,,1.001084213,0.8762096404999999,0.5092368317,0.5017814636,0.5077129745,0.5148019791,0.5194287109,0.5193753052000001,0.5649040222,0.5317485809,0.5313395691,0.5312308501999999,0.5301942062,0.531256485,0.5317611694,0.5322153091,0.5324385834,0.5327607346,0.5331827545,0.5334989548,0.5108483505,0.49052490229999995,1.004252777,1.007815399,1.009097672,1.009489212,1.01025177,1.010487518,1.010721817,1.011103897,1.011028671
1475,0.1263733101,0.9957827759,0.9920230103000001,0.9903659820999999,0.9902523041000001,0.9902401733,0.9907509613000001,0.99109375,0.9914270782,0.991422348,0.9916607666,0.9919629669,0.9922594452,0.9926316833,0.9932775879000001,0.9935369873000001,0.9937242889,0.9976531982,0.9974594116,0.9979730988,0.9983098602,0.9988021088000001,0.527439537,0.5278071213,0.5279785919,0.5282971191,0.5282995224,0.12693110470000002,1.000504608,,1.001363602,0.8762750244,0.5093020629999999,0.5010129166,0.5074436569,0.5140743256,0.5189207077,0.5190073395,0.5645365905999999,0.5315055847,0.5311917114,0.5310927582,0.5301091003,0.5310071564,0.5317547226,0.5319503403,0.5323060608,0.5327042389,0.5329478836,0.5333533859,0.5105611038,0.49053390500000005,1.004228439,1.007742157,1.009183426,1.009556503,1.0101654820000001,1.010531311,1.010538483,1.010907135,1.011031647
1465,0.1284951973,0.9954010773,0.9917952728,0.9900999451,0.9900459290000001,0.9899694061,0.9904450989,0.9910036469000001,0.9912067413,0.99123909,0.9915015411,0.9917632294000001,0.9920022582999999,0.9923870850000001,0.9930216217000001,0.9932822418,0.9935691833,0.9971842194,0.9975110626,0.9976685333,0.9981134796000001,0.9985159302,0.5271409225,0.5275245285,0.5276066208,0.5281195831000001,0.5279621506000001,0.1290351105,1.0004402159999999,,1.001133652,0.8761604309000001,0.5080962372,0.5007875061,0.5074117660999999,0.5138246918,0.5185561371,0.5185444260000001,0.5636995316,0.5314368057,0.5310023499,0.5309754181,0.5297235107,0.5308600235000001,0.5314568329,0.5320004654,0.5321163559,0.5323843384,0.5327511597,0.5332107544,0.5102160645,0.490544014,1.0040426640000002,1.007662888,1.009005051,1.009548416,1.010030899,1.01026535,1.010605545,1.010687332,1.0108306120000001
1455,0.13121726990000002,0.9956216431,0.9919843292,0.9902091217,0.9902339935000001,0.9900856781,0.990762558,0.9912597656,0.9914159392999999,0.9914478302,0.9919391632,0.9920793915,0.9923219299,0.9928354645,0.9932621765,0.9937361145,0.9941210938,0.9979718781,0.9984188842999999,0.9986368561000001,0.9988761139000001,0.9992542267000001,0.5274786377,0.5279049683,0.5279840088000001,0.5284418488,0.5283745575,0.13187747959999999,1.0004791259999999,,1.0010168459999997,0.8759549713,0.5081775284,0.499463501,0.5073723221,0.5131500244,0.5179039764,0.5181549072,0.5632441711,0.5312992477,0.5308398437999999,0.5306769562,0.5297688293,0.5308398437999999,0.5315127945,0.5317663574,0.5319763565,0.5321935272,0.5327598572,0.5332509232,0.5100930786,0.4905470657,1.004305038,1.007960892,1.009203796,1.009591675,1.010423203,1.0105490879999999,1.0107997890000002,1.010941162,1.0111268620000002
1445,0.13066750530000001,0.9952168274000001,0.9913509369000001,0.9896056366,0.9895748901,0.9896389007999999,0.9900540161000001,0.9903802490000001,0.9905441284,0.9906993866,0.9908739471,0.9910835266,0.9913070679,0.9917791748,0.9922421265,0.992689209,0.9930267334,0.9957906342,0.9960894012,0.9966012573,0.9967551421999999,0.9972657013,0.5264037323,0.5267723083,0.5268868256,0.5272048569,0.5272217941,0.1310972881,1.000428696,,1.000812912,0.8757088470000001,0.5073599243,0.49953655240000006,0.506880455,0.5120656967,0.5173242188,0.5177276611,0.5623218536,0.5310419846,0.5307550429999999,0.5307065964000001,0.5297422409,0.5305976868,0.5314156341999999,0.5316830826000001,0.5318015671,0.5321667862,0.5326032639,0.5330486298,0.5098346329000001,0.4904652405,1.004284973,1.0078754429999999,1.009174347,1.009580765,1.010430069,1.010714264,1.0107933040000001,1.010920639,1.011144867
1435,0.134727869,0.9953620148,0.9915759276999999,0.9897440338,0.9898587036000001,0.9899040222000001,0.9903125,0.9907719421,0.9909409332,0.9909603119,0.9912982178,0.991529007,0.9916600799999999,0.9922541046000001,0.9926606750000001,0.9931108093000001,0.9935947418000001,0.9967460631999999,0.9969680022999999,0.9972720337,0.9975563812,0.9979360962,0.5265921402,0.5267218399,0.5269687271,0.5273858261000001,0.5273735046,0.1352101994,1.0005469509999998,,1.001093521,0.876058197,0.5071430206,0.4981893158,0.507158165,0.5117216873,0.5168616867,0.5175556564,0.5619502639999999,0.5310084152000001,0.5306392288,0.5303527069,0.5294616317999999,0.5304801941,0.5314469146999999,0.5313941956,0.5318574142,0.5318957138,0.5324034882,0.5329921341,0.5094874954,0.4903837967,1.004101028,1.007940903,1.009039764,1.0094442750000001,1.0100345609999999,1.0102600859999997,1.0106529240000002,1.01071907,1.010786057
1425,0.1361714554,0.9952944946,0.9915309906,0.9898957825,0.9896642303000001,0.9898210907,0.9901804352000001,0.9905442046999999,0.9907997131,0.9909241486,0.9912053679999999,0.9913733673,0.9919260405999999,0.9919565582,0.992792511,0.9931214142,0.9934688568,0.9969971465999999,0.9970272064,0.9975880431999999,0.9978247833,0.9982982635000001,0.5267127227999999,0.5268830109,0.5271115112,0.5275141525,0.5274503326,0.13675119400000002,1.0004402159999999,,1.000715408,0.8756562042,0.5061262131,0.4981172943,0.50679039,0.5111251450000001,0.5165880966,0.5172065353,0.5611401367,0.5307188797,0.5305110168,0.5303045654,0.5291540527,0.5302466202,0.5309377289,0.5310486603,0.5312970734,0.5319239043999999,0.5322641754,0.5325548172,0.5091485214,0.490136261,1.00401947,1.007470245,1.0089009859999998,1.009384995,1.0100973509999998,1.01057518,1.0106306459999999,1.010666122,1.010919189
1415,0.1348223114,0.9951109314,0.9913865662000001,0.9899887085,0.9894199371000001,0.9897678375,0.9903777313000001,0.9901495361000001,0.9910778046000001,0.9905265808,0.9905383301,0.9913500214,0.9926374054,0.9912226105,0.9932583617999999,0.9933960724,0.9927944182999999,0.99730896,0.9965113831,0.9980352020000001,0.9982330322,0.9987783813,0.52704216,0.5272504807,0.5275187683,0.5277022551999999,0.5276049805,0.13555583,1.000501175,,1.000292892,0.8742788695999999,0.5051271439,0.4976249313,0.5062717056,0.5097121048000001,0.5159830475,0.516771965,0.5599915314,0.5305371857,0.530123291,0.5301476669,0.52872612,0.5297412872,0.5303445434999999,0.5307216644,0.5309839249,0.5317579651,0.5318605423,0.5318853760000001,0.5084441376000001,0.4913764954,1.003775864,1.0065064240000001,1.0084963990000002,1.0087127690000002,1.00971756,1.010527954,1.0099027250000001,1.010373917,1.010366898
1405,0.1284206772,0.9948828888,0.9905584717000001,0.9889148712,0.9891728972999999,0.9886269378999999,0.9891056061000001,0.9892341614,0.9897424316,0.9895532990000001,0.9892547607000001,0.9899257659999999,0.9906237793,0.9900236511,0.9913846587999999,0.9915487671,0.9910375214,0.993238678,0.9926898193,0.9941321564000001,0.9944979094999999,0.99503479,0.5247988892,0.5249981689,0.5252246857,0.5254504013,0.5255783081,0.1286002731,1.00026474,,1.0001546479999999,0.8740532684,0.5054393387,0.4973368835,0.5063552094,0.5090762328999999,0.5155813217,0.5166997910000001,0.5596792221,0.5305821228,0.5298698425,0.5297077179,0.5285218811,0.5300481796,0.530673027,0.5298278427,0.5305896378,0.5315731049,0.5317679596,0.5319194031,0.5082341002999999,0.4908911896,1.0034361269999998,1.006684875,1.0084178160000001,1.008606415,1.009320374,1.009693527,1.009792557,1.010043488,1.01009491
1395,0.1208991146,0.9942246246,0.9893984222000001,0.9875324249,0.9873833466,0.9871552277000001,0.9875751495,0.987682724,0.9878849029999999,0.987800827,0.9877511597,0.9879502106,0.9881055450000001,0.9882618713,0.9888425446,0.9889194489,0.9889572144000001,0.9884281921,0.9883565521,0.9892863464,0.989703064,0.9901737976,0.5223776627,0.5226504135,0.5229005051,0.5231796646,0.5231779861,0.1205513,0.9999835205,,1.000148544,0.8744125366,0.5047557449,0.49796596530000004,0.5056938553,0.5089916611,0.5154036713,0.5163267136,0.5596965027,0.529870224,0.5296825027,0.5295140076,0.5284079742,0.5296912765999999,0.5295572280999999,0.5317133713,0.5312642288,0.5316320038,0.5318206024,0.5322234726,0.5082893372,0.4898743057,1.003549347,1.007033615,1.008627319,1.008875351,1.0093089290000001,1.009497757,1.009698486,1.009894257,1.009983063
1385,0.1264741993,0.9953697968,0.990954895,0.9895496368000001,0.9891954803,0.988771286,0.9897212982000001,0.98972435,0.9902132416,0.9899628448,0.9891309357,0.9902088165,0.9906043243,0.9904203033000001,0.9920078278,0.9915693665,0.9912240601000001,0.9931243895999999,0.9926800537,0.9940075684,0.9944734192,0.9948212433000001,0.5244353485,0.5246927643,0.5248833847000001,0.5251848602,0.5251382446,0.12667287829999999,1.000352249,,1.000251541,0.8730064392,0.5033934021,0.49661399840000003,0.5057562637,0.5076979828,0.5152193831999999,0.5157229996,0.5587282181,0.5299540329,0.5296240616,0.5296461105,0.528015976,0.5290483093,0.5293804932,0.5308198166,0.5308414078,0.5312987136999999,0.5311786652,0.5316756439,0.5074436569,0.4916842651,1.003185501,1.006429901,1.008432388,1.0084179690000001,1.008733292,1.009529572,1.009725571,1.00992218,1.010057602
1375,0.12958541869999998,0.9945130920000002,0.9901380156999999,0.9880863190000001,0.9881062317,0.9881828308,0.988188324,0.9886200714000001,0.9887934113,0.9887852478000001,0.9893143463,0.9891390991,0.9894586945,0.9897512054000001,0.9900492096000001,0.990591507,0.9908623505,0.9919968414,0.9922740936,0.9927791595,0.9929320526,0.9933323669,0.5235875320000001,0.5238551331,0.5240631104,0.5242459105999999,0.5245076369999999,0.1295565796,0.9998162078999999,,1.000222473,0.8749943541999999,0.5030634307999999,0.4951924133,0.5063732147000001,0.5075838089,0.5152599716,0.5157065582,0.5584446335,0.5299214172,0.5294737244000001,0.5293746185,0.5284404755,0.5297019958,0.5299939346,0.5304285812,0.5305812836,0.5309191513,0.5314841461,0.5318046951000001,0.5076493454,0.4891358185,1.003583908,1.007330627,1.008450012,1.0087971500000001,1.009493942,1.009661102,1.0098245240000001,1.009914627,1.010093536
1365,0.1172479439,0.9959958648999999,0.9912931061000001,0.9903501892,0.9900279236,0.9893115996999999,0.9907699585,0.9907284545999999,0.9904257965,0.9909899138999999,0.9904160309,0.9908579254,0.9903447723,0.9920891571,0.9922772217000001,0.991865921,0.9926789856,0.9936187744,0.9941487885,0.9947238922,0.9954281616,0.9960949707000001,0.5247731781,0.5250726318000001,0.5253648758,0.5259047318,0.5258541870000001,0.1176381969,1.000014877,,1.0002687840000002,0.8717552184999999,0.5029987717000001,0.4966060638,0.5057112122,0.5061842346000001,0.5141978455,0.5148791122,0.5572278976,0.5297291183,0.5292740631,0.5287836838,0.5277766418000001,0.5290819931,0.5300292206,0.5309494781,0.5311431885,0.5314583206,0.5312160873,0.5321585464,0.5073025894,0.4928286362,1.002987823,1.00768074,1.00911438,1.0094491579999998,1.010017776,1.009440918,1.010488968,1.010833359,1.010552521
1355,0.1246116352,0.9936211395,0.9887508392,0.9867400359999999,0.9863379669,0.9864437866,0.9861734008999999,0.9866104889,0.9869161223999999,0.9864993286000001,0.9869709014999999,0.9866838074000001,0.9874913788,0.9866012573,0.987603302,0.9879360199,0.9877334595,0.9871781158,0.9869792938,0.9875512695,0.987848053,0.9880779266,0.5207855225,0.5210892105,0.5213037108999999,0.5216795731,0.5217103958,0.1239619732,0.9998059845,,1.000084381,0.8742608642999999,0.5027013397000001,0.4935664749,0.5058603287,0.5074963378999999,0.5145352935999999,0.5153636169,0.5564061356,0.5295602036,0.529300499,0.5292333983999999,0.528028183,0.5287783051,0.5289599991,0.5308973311999999,0.5300109481999999,0.5306304169,0.5311997603999999,0.5312725449,0.5069261932,0.4893465805,1.003502045,1.006706848,1.008123245,1.008634567,1.008845901,1.009194031,1.009223709,1.009218445,1.009536057
1345,0.1442372799,0.9955335999,0.9911038971,0.9895903015,0.9893679809999999,0.9894080353,0.9896884155,0.9900205994,0.9904991913000001,0.9903659058,0.9909761047000001,0.9909300995,0.9915001678,0.9915260315000001,0.9922603607,0.9926275635,0.9928587340999999,0.9963603972999999,0.9963108826,0.9968505096,0.9970144652999999,0.9973348998999999,0.5251660919,0.5252872849,0.5256364821999999,0.5257899857,0.5259519958,0.1447520542,0.9999958038,,1.000409012,0.8748653412,0.5008044434,0.4936830521,0.5057052994,0.5067433548,0.5144654465,0.5143164444,0.5554237366,0.5292092133,0.5289676285,0.5289511871,0.5275744247,0.5286938095,0.5295064545,0.5297709656,0.5299827576,0.5302716063999999,0.5307082367,0.5310391235,0.5065670013,0.48851249690000004,1.003405609,1.006913757,1.008386002,1.008741608,1.00925621,1.009653244,1.009587402,1.009803162,1.010048981
1335,0.14762475009999998,0.9953888702,0.9912740325999999,0.9895703125,0.9898212433000001,0.9895565796,0.9900065613,0.9904040527,0.9907053375,0.9907688903999999,0.9911779022,0.9912447357,0.9917037201,0.9920131683,0.9926699829000001,0.9930155945,0.9932821654999999,0.9971928406,0.9971759032999999,0.9977068329,0.9980527496,0.9983525847999999,0.5254359818,0.5256477737,0.5259560394,0.5260490036000001,0.5261306,0.14830946920000002,0.9998883057000001,,1.000344772,0.8745685577000001,0.5001164245999999,0.49307456969999996,0.5053451157,0.5064080429,0.5137292098999999,0.5137322617,0.5546168518000001,0.5290366364,0.5286436844,0.5286420059,0.5272108841,0.5285758209,0.5292684937,0.5295665359,0.5298233032,0.5300179672,0.5305627441,0.5308983993999999,0.50618927,0.48846584319999997,1.0032880400000002,1.0068656159999998,1.008259048,1.008640518,1.0093663019999999,1.0095320890000001,1.009723511,1.009796829,1.009960556
1325,0.148810463,0.9954514313,0.9913271332,0.9897402191000001,0.990238266,0.9896947479000001,0.9902133942,0.9905550384999999,0.9909308624000001,0.9910111237,0.9913355255,0.9914858246,0.9918269348,0.9923473358,0.9928072357000001,0.9932172394,0.9935440826,0.9975711059999999,0.997693634,0.9981576538,0.9984051514,0.9987730408000001,0.5254771042,0.5257027817000001,0.5259594727,0.5261896896,0.5263294983,0.1495803165,0.9997412109,,1.000347595,0.8742463684,0.49930526729999997,0.49225959779999995,0.5050796127,0.5062407302999999,0.5131615829,0.5132322311,0.553811264,0.5286714554,0.5283344269,0.5282817078,0.5269379425,0.5282444763,0.5289868164,0.5293525314,0.5296623611,0.529785347,0.5301992798,0.530545845,0.5058488083,0.4884836197,1.0032323459999999,1.0068916319999999,1.0082123570000001,1.00852356,1.009232025,1.009479752,1.009803085,1.009815216,1.009980469
1315,0.1466395855,0.9956900023999999,0.9917014313,0.9897660064999999,0.9904108429,0.9898350524999999,0.9902573395000001,0.9907305144999999,0.9909744263,0.9911813354,0.9915106964,0.9916117859000001,0.9919760895,0.992570343,0.993038559,0.9934379577999999,0.9937724304,0.9976458740000002,0.9980213165,0.9983211516999999,0.9985865020999999,0.9989849091,0.5254702759,0.5256797791000001,0.5259926987,0.5261245346,0.5263618850999999,0.14742623330000001,0.9997342682,,1.00015152,0.8741654205,0.49863548280000003,0.4918584061,0.5046426773,0.5063105392,0.5127045059,0.512999115,0.5533089066,0.5285398865,0.5282982635,0.5282699585,0.5269342041,0.5281302260999999,0.5290837097,0.5292544556,0.5295583725,0.5296681976,0.5302098846,0.5305111312999999,0.5056639481,0.4885411072,1.003338089,1.00707901,1.0084128570000002,1.0087455749999998,1.009466171,1.009800797,1.010028,1.010122147,1.010129929
1305,0.1448201656,0.9955483246,0.9914522552,0.9895667267,0.9900977325,0.9896665192,0.9900884247,0.9903160095,0.9906639862,0.9907580566,0.9910251617,0.991230011,0.9914558411000001,0.9919792175000001,0.9927014160000001,0.9930406189,0.9932247162,0.9971978759999999,0.9972061157000001,0.997725296,0.9980043793,0.9983894348,0.5250784682999999,0.5251411819,0.525518837,0.5255873871,0.5257818222,0.14550966259999998,0.9997235107,,1.000323792,0.8744005585,0.49790271760000004,0.49119510650000003,0.5045695877,0.5060584641,0.5121651459000001,0.5127388382,0.5527838898,0.5284772490999999,0.5280647278,0.5280285645,0.5266101837,0.5278722763,0.5288461304,0.5289673615,0.5292303085000001,0.5294868851,0.5298320770000001,0.5301972198,0.5052846527,0.4878065872,1.003110428,1.006784897,1.0082087709999998,1.008494644,1.0091931920000001,1.0095276640000002,1.009707336,1.009924088,1.0099433899999999
1295,0.1470199966,0.9955086516999999,0.9913519287,0.9895010376000001,0.9901760101000001,0.9896250153,0.990151062,0.9903805542,0.9906998444,0.9908102417000001,0.9911662292,0.9914772797000001,0.9915856171,0.9920936584000001,0.9925540924,0.9929839325,0.993445282,0.9972641754,0.9973491669000001,0.9978475952,0.9980480194000001,0.9984915161000001,0.5249240875000001,0.5250983810000001,0.5253498077,0.5254331207,0.5256250381,0.147732811,0.9997104645,,1.000175323,0.8741783905,0.49716686250000003,0.4904945755,0.5042103957999999,0.5058093262,0.5115330123999999,0.5124257278000001,0.5517128754,0.5281571198,0.5278301239000001,0.5278593826,0.5263515854,0.5276386261,0.528536911,0.5287381363,0.5289522552,0.5292697144,0.5296658325,0.5300370407,0.5049364471,0.48778469090000004,1.0032067109999998,1.00684761,1.0081729890000002,1.008508911,1.00918457,1.0094229129999999,1.009742126,1.0098423,1.010010681
1285,0.1485467148,0.9954478455,0.9906764984,0.9894412993999999,0.9901161957,0.989532547,0.9900034332,0.9902206420999999,0.9906040192000001,0.9906825256,0.9909870148000001,0.9914388275,0.9914866638,0.991969223,0.9924451447,0.9929568481,0.9932165527,0.9972331238,0.9972167969,0.9976513672,0.9979494476,0.9982990264999999,0.5247107697,0.5248148346,0.5250446701,0.5252451323999999,0.5254455948,0.1492568684,0.9997404480000001,,1.000218277,0.8740099334999999,0.49620410919999997,0.490078125,0.5034583282,0.5056464767,0.5111502837999999,0.5120608139,0.5505709839,0.5279473114000001,0.5276282883,0.5275765228,0.5261672211,0.5275029373,0.5282775116,0.5285660553,0.5290216064,0.5290559387,0.5294232941,0.5298557281,0.5046459579,0.4875531006,1.003206024,1.0068365479999999,1.00809494,1.008585815,1.009202728,1.009550323,1.00974823,1.009768524,1.009861374
1275,0.1497774315,0.9955477905,0.9906967926,0.9893475342000001,0.9900004577999999,0.9895187378,0.9899333953999999,0.9901816559,0.9905222320999999,0.9905617523,0.9910455322,0.9914472961,0.991387558,0.9919080352999999,0.9924318695,0.9928279877,0.9931445313,0.9970644379,0.9972244263000001,0.9976444244,0.9980122375,0.9983848571999999,0.5244095229999999,0.5246429443,0.5248845673,0.5250629044,0.5251932144,0.1504817009,0.999671936,,1.000045319,0.8738493347,0.4955442429,0.48941600799999996,0.5028178787,0.5054282379,0.5106747055,0.5114905167,0.5493155289,0.527726593,0.5273823547,0.5274465179,0.5259496689000001,0.5272081375,0.528132515,0.5284220505,0.5285624695,0.5288228989,0.5292185593,0.5295798111,0.5042991638000001,0.4874029922,1.00310257,1.0068944549999999,1.008215942,1.0085520940000001,1.0092028050000001,1.00933136,1.0097310640000001,1.009743958,1.0099663540000001
1265,0.150781517,0.995344696,0.9904299927,0.9892906952,0.9895193481,0.9892276764000001,0.9897719574,0.9899718475,0.9903227997,0.9904519653,0.9908674622,0.9911916351000001,0.9912874603,0.9917504882999999,0.9922247314,0.9926182556,0.9929741669000001,0.9969099426,0.9969431305,0.9973649597,0.9978282928,0.9980400848,0.5242020416,0.5243327713,0.5246272659,0.5247976303,0.524958725,0.1513805676,1.000209961,,1.000614853,0.874245224,0.49494178769999997,0.4892189407,0.5022827911000001,0.5051908493,0.510462532,0.5113034058,0.5484512329,0.5277600861,0.5273726654,0.5274727249,0.5260830688,0.5272371292,0.5281685638,0.5284676361,0.5285902023,0.5288544846,0.5292389297,0.5296852112,0.5041257095,0.4873669815,1.003694687,1.007300415,1.008750458,1.008978577,1.009709244,1.010014191,1.010243073,1.010392456,1.010437012
1255,0.1515815449,0.9952237701,0.9902890015,0.9891976929,0.9893431854000001,0.989143219,0.9895309448,0.9898874664,0.9901867676,0.9903562927,0.9907350159,0.9910726929,0.9910627746999999,0.9915518188,0.9920118712999999,0.9924614716000001,0.9927754973999999,0.9967056273999999,0.9968778229,0.9973815918,0.9976184082,0.997859726,0.5238605118,0.5240209578999999,0.5243127441,0.5244232559,0.5246217728,0.1521295452,1.000410461,,1.000698318,0.8742776489,0.49422317499999996,0.4885556793,0.5016495514,0.5048953247,0.5103465271000001,0.510812645,0.5474476624,0.527553215,0.5272502136,0.5273190308,0.5258872986,0.5271103287,0.5280048370000001,0.5282686996,0.5284686279,0.5287300873,0.5290900421,0.5295166397,0.5038656616,0.487376976,1.003837967,1.007428665,1.008875046,1.009156342,1.009911041,1.010137405,1.010494385,1.0104638670000001,1.0106016540000002
